shipment_id,batch_id,quantity,from_entity_id,to_entity_id,dispatch_timestamp,status
SHIP-585040,BATCH-2026-5983C7,249000,MFG-IN-00007,DIST-IN-00023,2026-02-02T00:01:22Z,delivered
SHIP-6DBBB7,BATCH-2026-5983C7,249000,DIST-IN-00023,WHS-IN-00019,2026-02-06T06:01:22Z,delivered
SHIP-7EE330,BATCH-2026-5983C7,83000,WHS-IN-00019,PHARM-IN-00037,2026-02-13T17:01:22Z,delivered
SHIP-DD8196,BATCH-2026-5983C7,83000,WHS-IN-00019,PHARM-IN-00026,2026-02-13T17:01:22Z,delivered
SHIP-97B825,BATCH-2026-5983C7,83000,WHS-IN-00019,PHARM-IN-00055,2026-02-12T17:01:22Z,delivered
SHIP-0B4622,BATCH-2026-5983C7,249000,MFG-IN-00007,DIST-IN-00020,2026-02-02T01:01:22Z,delivered
SHIP-57E4CB,BATCH-2026-5983C7,249000,DIST-IN-00020,WHS-IN-00006,2026-02-11T06:01:22Z,delivered
SHIP-FE6CC6,BATCH-2026-5983C7,249000,WHS-IN-00006,PHARM-IN-00016,2026-02-15T13:01:22Z,delivered
SHIP-BF24E2,BATCH-2026-B20ABC,227500,MFG-IN-00013,DIST-IN-00002,2026-03-18T05:52:20Z,delivered
SHIP-D9F18E,BATCH-2026-B20ABC,227500,DIST-IN-00002,WHS-IN-00032,2026-03-26T07:52:20Z,delivered
SHIP-387A55,BATCH-2026-B20ABC,227500,WHS-IN-00032,PHARM-IN-00031,2026-04-03T15:52:20Z,delivered
SHIP-4C1AAA,BATCH-2026-B20ABC,227500,MFG-IN-00013,DIST-IN-00013,2026-03-16T11:52:20Z,delivered
SHIP-E65EB4,BATCH-2026-B20ABC,227500,DIST-IN-00013,WHS-IN-00021,2026-03-20T15:52:20Z,delivered
SHIP-00DAF8,BATCH-2026-B20ABC,227500,WHS-IN-00021,PHARM-IN-00025,2026-03-23T16:52:20Z,delivered
SHIP-084906,BATCH-2025-756A91,400000,MFG-IN-00009,DIST-IN-00020,2025-06-15T14:07:49Z,delivered
SHIP-A1ABB5,BATCH-2025-756A91,400000,DIST-IN-00020,WHS-IN-00028,2025-06-18T20:07:49Z,delivered
SHIP-8C5825,BATCH-2025-756A91,400000,WHS-IN-00028,PHARM-IN-00013,2025-06-23T21:07:49Z,delivered
SHIP-8C5BD4,BATCH-2026-EFB3B0,260000,MFG-IN-00013,DIST-IN-00004,2026-05-24T06:08:10Z,delivered
SHIP-F19CCC,BATCH-2026-EFB3B0,260000,DIST-IN-00004,WHS-IN-00024,2026-05-29T08:08:10Z,delivered
SHIP-1BD49B,BATCH-2026-EFB3B0,86666,WHS-IN-00024,PHARM-IN-00041,2026-06-04T09:08:10Z,delivered
SHIP-D774F9,BATCH-2026-EFB3B0,86667,WHS-IN-00024,PHARM-IN-00039,2026-06-04T09:08:10Z,delivered
SHIP-517C38,BATCH-2026-EFB3B0,86667,WHS-IN-00024,PHARM-IN-00031,2026-06-03T09:08:10Z,delivered
SHIP-721B6A,BATCH-2025-B95645,133000,MFG-IN-00006,DIST-IN-00022,2025-08-19T04:42:52Z,delivered
SHIP-BBDB1F,BATCH-2025-B95645,133000,DIST-IN-00022,WHS-IN-00025,2025-08-26T06:42:52Z,delivered
SHIP-DEFB72,BATCH-2025-B95645,133000,WHS-IN-00025,PHARM-IN-00030,2025-08-31T13:42:52Z,delivered
SHIP-ADFD8C,BATCH-2026-503F53,75000,MFG-IN-00008,DIST-IN-00023,2026-04-01T23:21:45Z,delivered
SHIP-94463C,BATCH-2026-503F53,75000,DIST-IN-00023,WHS-IN-00015,2026-04-10T11:21:45Z,delivered
SHIP-C027D5,BATCH-2026-503F53,25000,WHS-IN-00015,PHARM-IN-00044,2026-04-15T17:21:45Z,delivered
SHIP-6DD32D,BATCH-2026-503F53,25000,WHS-IN-00015,PHARM-IN-00056,2026-04-12T17:21:45Z,delivered
SHIP-A2F716,BATCH-2026-503F53,25000,WHS-IN-00015,PHARM-IN-00060,2026-04-16T17:21:45Z,delivered
SHIP-C0D2A0,BATCH-2026-2A6273,118000,MFG-IN-00003,DIST-IN-00006,2026-03-30T08:33:08Z,delivered
SHIP-EF8DED,BATCH-2026-2A6273,118000,DIST-IN-00006,WHS-IN-00006,2026-04-07T08:33:08Z,delivered
SHIP-6A5638,BATCH-2026-2A6273,39333,WHS-IN-00006,PHARM-IN-00017,2026-04-12T11:33:08Z,delivered
SHIP-4005EE,BATCH-2026-2A6273,39333,WHS-IN-00006,PHARM-IN-00021,2026-04-16T11:33:08Z,delivered
SHIP-7126E2,BATCH-2026-2A6273,39334,WHS-IN-00006,PHARM-IN-00059,2026-04-12T11:33:08Z,delivered
SHIP-869DE4,BATCH-2025-5ED06A,353000,MFG-IN-00012,DIST-IN-00019,2025-10-17T15:48:46Z,delivered
SHIP-1EB033,BATCH-2025-5ED06A,353000,DIST-IN-00019,WHS-IN-00019,2025-10-23T16:48:46Z,delivered
SHIP-A60A5D,BATCH-2025-5ED06A,353000,WHS-IN-00019,PHARM-IN-00032,2025-10-31T22:48:46Z,delivered
SHIP-80076A,BATCH-2025-BFE49E,125000,MFG-IN-00009,DIST-IN-00005,2025-05-22T13:40:54Z,delivered
SHIP-583DD7,BATCH-2025-BFE49E,125000,DIST-IN-00005,WHS-IN-00022,2025-06-01T13:40:54Z,delivered
SHIP-7C7D37,BATCH-2025-BFE49E,41666,WHS-IN-00022,PHARM-IN-00058,2025-06-06T13:40:54Z,delivered
SHIP-54F710,BATCH-2025-BFE49E,41667,WHS-IN-00022,PHARM-IN-00024,2025-06-07T13:40:54Z,delivered
SHIP-A514F1,BATCH-2025-BFE49E,41667,WHS-IN-00022,PHARM-IN-00002,2025-06-06T13:40:54Z,delivered
SHIP-C912D8,BATCH-2026-541CAD,13000,MFG-IN-00010,DIST-IN-00014,2026-05-20T18:19:07Z,delivered
SHIP-A2043B,BATCH-2026-541CAD,13000,DIST-IN-00014,WHS-IN-00014,2026-05-25T21:19:07Z,delivered
SHIP-1F0F8C,BATCH-2026-541CAD,4333,WHS-IN-00014,PHARM-IN-00033,2026-05-31T09:19:07Z,delivered
SHIP-68EDD3,BATCH-2026-541CAD,4333,WHS-IN-00014,PHARM-IN-00051,2026-06-01T09:19:07Z,delivered
SHIP-68E8C2,BATCH-2026-541CAD,4334,WHS-IN-00014,PHARM-IN-00011,2026-06-01T09:19:07Z,delivered
SHIP-9CB51D,BATCH-2025-B5AE2F,450000,MFG-IN-00001,DIST-IN-00012,2025-04-07T01:25:59Z,delivered
SHIP-605FA1,BATCH-2025-B5AE2F,450000,DIST-IN-00012,WHS-IN-00008,2025-04-16T08:25:59Z,delivered
SHIP-378834,BATCH-2025-B5AE2F,225000,WHS-IN-00008,PHARM-IN-00029,2025-04-21T11:25:59Z,delivered
SHIP-C53C9D,BATCH-2025-B5AE2F,225000,WHS-IN-00008,PHARM-IN-00012,2025-04-20T11:25:59Z,delivered
SHIP-772999,BATCH-2026-241E74,119000,MFG-IN-00004,DIST-IN-00006,2026-07-21T03:38:58Z,delivered
SHIP-DF7031,BATCH-2026-241E74,119000,DIST-IN-00006,WHS-IN-00014,2026-07-26T13:38:58Z,delivered
SHIP-6E9734,BATCH-2026-241E74,39666,WHS-IN-00014,PHARM-IN-00050,2026-08-03T21:38:58Z,delivered
SHIP-E49061,BATCH-2026-241E74,39667,WHS-IN-00014,PHARM-IN-00044,2026-08-04T21:38:58Z,delivered
SHIP-BD54B7,BATCH-2026-241E74,39667,WHS-IN-00014,PHARM-IN-00001,2026-08-04T21:38:58Z,delivered
SHIP-94859C,BATCH-2025-A492FB,423000,MFG-IN-00015,DIST-IN-00013,2025-08-22T22:47:48Z,delivered
SHIP-859CA5,BATCH-2025-A492FB,423000,DIST-IN-00013,WHS-IN-00020,2025-09-01T01:47:48Z,delivered
SHIP-177936,BATCH-2025-A492FB,423000,WHS-IN-00020,PHARM-IN-00043,2025-09-08T10:47:48Z,delivered
SHIP-56D672,BATCH-2025-A39C5B,220000,MFG-IN-00002,DIST-IN-00011,2025-11-17T20:35:07Z,delivered
SHIP-F80A48,BATCH-2025-A39C5B,220000,DIST-IN-00011,WHS-IN-00020,2025-11-23T00:35:07Z,delivered
SHIP-2685E4,BATCH-2025-A39C5B,73333,WHS-IN-00020,PHARM-IN-00052,2025-11-29T08:35:07Z,delivered
SHIP-ECD125,BATCH-2025-A39C5B,73333,WHS-IN-00020,PHARM-IN-00055,2025-11-26T08:35:07Z,delivered
SHIP-1813FE,BATCH-2025-A39C5B,73334,WHS-IN-00020,PHARM-IN-00039,2025-11-29T08:35:07Z,delivered
SHIP-D99018,BATCH-2025-79F0C1,382000,MFG-IN-00001,DIST-IN-00019,2025-04-01T22:54:07Z,delivered
SHIP-90C12A,BATCH-2025-79F0C1,382000,DIST-IN-00019,WHS-IN-00023,2025-04-09T08:54:07Z,delivered
SHIP-D4D38B,BATCH-2025-79F0C1,382000,WHS-IN-00023,PHARM-IN-00031,2025-04-14T10:54:07Z,delivered
SHIP-CA0893,BATCH-2025-80C735,142000,MFG-IN-00002,DIST-IN-00011,2025-07-11T09:29:52Z,delivered
SHIP-C67193,BATCH-2025-80C735,142000,DIST-IN-00011,WHS-IN-00027,2025-07-17T12:29:52Z,delivered
SHIP-640B2D,BATCH-2025-80C735,71000,WHS-IN-00027,PHARM-IN-00008,2025-07-21T16:29:52Z,delivered
SHIP-020A56,BATCH-2025-80C735,71000,WHS-IN-00027,PHARM-IN-00031,2025-07-25T16:29:52Z,delivered
SHIP-5F435B,BATCH-2025-80C735,142000,MFG-IN-00002,DIST-IN-00021,2025-07-12T04:29:52Z,delivered
SHIP-BE014E,BATCH-2025-80C735,142000,DIST-IN-00021,WHS-IN-00010,2025-07-17T10:29:52Z,delivered
SHIP-018712,BATCH-2025-80C735,47333,WHS-IN-00010,PHARM-IN-00058,2025-07-21T15:29:52Z,delivered
SHIP-0F1BF1,BATCH-2025-80C735,47333,WHS-IN-00010,PHARM-IN-00059,2025-07-20T15:29:52Z,delivered
SHIP-A5840C,BATCH-2025-80C735,47334,WHS-IN-00010,PHARM-IN-00030,2025-07-22T15:29:52Z,delivered
SHIP-F804B4,BATCH-2026-76EB0B,457000,MFG-IN-00003,DIST-IN-00025,2026-02-08T20:00:44Z,delivered
SHIP-15CC6F,BATCH-2026-76EB0B,457000,DIST-IN-00025,WHS-IN-00009,2026-02-16T03:00:44Z,delivered
SHIP-688EB3,BATCH-2026-76EB0B,228500,WHS-IN-00009,PHARM-IN-00031,2026-02-21T13:00:44Z,delivered
SHIP-AE0003,BATCH-2026-76EB0B,228500,WHS-IN-00009,PHARM-IN-00025,2026-02-23T13:00:44Z,delivered
SHIP-9ABD58,BATCH-2025-9B18AA,57000,MFG-IN-00014,DIST-IN-00001,2025-03-24T21:02:05Z,delivered
SHIP-9EB040,BATCH-2025-9B18AA,57000,DIST-IN-00001,WHS-IN-00007,2025-04-01T01:02:05Z,delivered
SHIP-E668CC,BATCH-2025-9B18AA,19000,WHS-IN-00007,PHARM-IN-00020,2025-04-09T03:02:05Z,delivered
SHIP-782BB6,BATCH-2025-9B18AA,19000,WHS-IN-00007,PHARM-IN-00019,2025-04-07T03:02:05Z,delivered
SHIP-2DFC16,BATCH-2025-9B18AA,19000,WHS-IN-00007,PHARM-IN-00030,2025-04-06T03:02:05Z,delivered
SHIP-3A06F0,BATCH-2025-34FD00,472000,MFG-IN-00008,DIST-IN-00005,2025-07-30T22:32:18Z,delivered
SHIP-1601F1,BATCH-2025-34FD00,472000,DIST-IN-00005,WHS-IN-00008,2025-08-04T07:32:18Z,delivered
SHIP-18FE86,BATCH-2025-34FD00,236000,WHS-IN-00008,PHARM-IN-00040,2025-08-10T13:32:18Z,delivered
SHIP-E4618D,BATCH-2025-34FD00,236000,WHS-IN-00008,PHARM-IN-00004,2025-08-06T13:32:18Z,delivered
SHIP-A7F26A,BATCH-2025-577BF2,156000,MFG-IN-00001,DIST-IN-00013,2025-09-07T10:44:35Z,delivered
SHIP-524992,BATCH-2025-577BF2,156000,DIST-IN-00013,WHS-IN-00014,2025-09-16T17:44:35Z,delivered
SHIP-2BD03C,BATCH-2025-577BF2,78000,WHS-IN-00014,PHARM-IN-00043,2025-09-20T21:44:35Z,delivered
SHIP-8AB97A,BATCH-2025-577BF2,78000,WHS-IN-00014,PHARM-IN-00034,2025-09-22T21:44:35Z,delivered
SHIP-5BF827,BATCH-2025-6390BC,80500,MFG-IN-00012,DIST-IN-00016,2025-06-16T17:37:19Z,delivered
SHIP-DB582D,BATCH-2025-6390BC,80500,DIST-IN-00016,WHS-IN-00023,2025-06-26T01:37:19Z,delivered
SHIP-25FE16,BATCH-2025-6390BC,80500,WHS-IN-00023,PHARM-IN-00032,2025-07-02T05:37:19Z,delivered
SHIP-2AEF39,BATCH-2025-6390BC,80500,MFG-IN-00012,DIST-IN-00007,2025-06-16T05:37:19Z,delivered
SHIP-F7E304,BATCH-2025-6390BC,80500,DIST-IN-00007,WHS-IN-00008,2025-06-22T15:37:19Z,delivered
SHIP-2F06E1,BATCH-2025-6390BC,40250,WHS-IN-00008,PHARM-IN-00005,2025-06-27T17:37:19Z,delivered
SHIP-DB0328,BATCH-2025-6390BC,40250,WHS-IN-00008,PHARM-IN-00047,2025-06-30T17:37:19Z,delivered
SHIP-E9C0F5,BATCH-2025-0584AB,35000,MFG-IN-00010,DIST-IN-00006,2025-10-14T08:01:02Z,delivered
SHIP-D30A0D,BATCH-2025-0584AB,35000,DIST-IN-00006,WHS-IN-00028,2025-10-23T20:01:02Z,delivered
SHIP-B10064,BATCH-2025-0584AB,35000,WHS-IN-00028,PHARM-IN-00009,2025-10-26T21:01:02Z,delivered
SHIP-14D069,BATCH-2025-CB4FED,222500,MFG-IN-00014,DIST-IN-00009,2025-03-29T03:18:43Z,delivered
SHIP-80F0DF,BATCH-2025-CB4FED,222500,DIST-IN-00009,WHS-IN-00026,2025-04-05T05:18:43Z,delivered
SHIP-1E5653,BATCH-2025-CB4FED,111250,WHS-IN-00026,PHARM-IN-00031,2025-04-13T09:18:43Z,delivered
SHIP-6C9FB7,BATCH-2025-CB4FED,111250,WHS-IN-00026,PHARM-IN-00052,2025-04-10T09:18:43Z,delivered
SHIP-8BD914,BATCH-2025-CB4FED,222500,MFG-IN-00014,DIST-IN-00024,2025-03-29T17:18:43Z,delivered
SHIP-6D8996,BATCH-2025-CB4FED,222500,DIST-IN-00024,WHS-IN-00012,2025-04-08T05:18:43Z,delivered
SHIP-FA1079,BATCH-2025-CB4FED,111250,WHS-IN-00012,PHARM-IN-00056,2025-04-14T17:18:43Z,delivered
SHIP-5D6944,BATCH-2025-CB4FED,111250,WHS-IN-00012,PHARM-IN-00044,2025-04-16T17:18:43Z,delivered
SHIP-4C61D8,BATCH-2025-2647E4,492000,MFG-IN-00002,DIST-IN-00011,2025-12-24T11:55:18Z,delivered
SHIP-8DCE7D,BATCH-2025-2647E4,492000,DIST-IN-00011,WHS-IN-00034,2025-12-31T21:55:18Z,delivered
SHIP-CE504C,BATCH-2025-2647E4,246000,WHS-IN-00034,PHARM-IN-00043,2026-01-06T03:55:18Z,delivered
SHIP-54FE47,BATCH-2025-2647E4,246000,WHS-IN-00034,PHARM-IN-00044,2026-01-03T03:55:18Z,delivered
SHIP-093E12,BATCH-2026-37C67D,244000,MFG-IN-00001,DIST-IN-00006,2026-01-07T10:55:07Z,delivered
SHIP-A30A95,BATCH-2026-37C67D,244000,DIST-IN-00006,WHS-IN-00004,2026-01-14T15:55:07Z,delivered
SHIP-49658C,BATCH-2026-37C67D,122000,WHS-IN-00004,PHARM-IN-00016,2026-01-20T23:55:07Z,delivered
SHIP-D112A1,BATCH-2026-37C67D,122000,WHS-IN-00004,PHARM-IN-00006,2026-01-17T23:55:07Z,delivered
SHIP-175313,BATCH-2026-37C67D,244000,MFG-IN-00001,DIST-IN-00003,2026-01-06T21:55:07Z,delivered
SHIP-9AFEA2,BATCH-2026-37C67D,244000,DIST-IN-00003,WHS-IN-00007,2026-01-15T08:55:07Z,delivered
SHIP-675741,BATCH-2026-37C67D,81333,WHS-IN-00007,PHARM-IN-00051,2026-01-22T08:55:07Z,delivered
SHIP-E6EEAF,BATCH-2026-37C67D,81333,WHS-IN-00007,PHARM-IN-00039,2026-01-22T08:55:07Z,delivered
SHIP-94E622,BATCH-2026-37C67D,81334,WHS-IN-00007,PHARM-IN-00040,2026-01-23T08:55:07Z,delivered
SHIP-1C2314,BATCH-2025-1D5DF2,106000,MFG-IN-00012,DIST-IN-00012,2025-08-19T16:25:43Z,delivered
SHIP-2454BF,BATCH-2025-1D5DF2,106000,DIST-IN-00012,WHS-IN-00001,2025-08-24T04:25:43Z,delivered
SHIP-4E0261,BATCH-2025-1D5DF2,53000,WHS-IN-00001,PHARM-IN-00024,2025-08-28T14:25:43Z,delivered
SHIP-CD345B,BATCH-2025-1D5DF2,53000,WHS-IN-00001,PHARM-IN-00045,2025-08-29T14:25:43Z,delivered
SHIP-82B244,BATCH-2025-1D5DF2,106000,MFG-IN-00012,DIST-IN-00023,2025-08-21T00:25:43Z,delivered
SHIP-C6932A,BATCH-2025-1D5DF2,106000,DIST-IN-00023,WHS-IN-00026,2025-08-25T03:25:43Z,delivered
SHIP-8F1178,BATCH-2025-1D5DF2,53000,WHS-IN-00026,PHARM-IN-00007,2025-09-02T15:25:43Z,delivered
SHIP-9EECFA,BATCH-2025-1D5DF2,53000,WHS-IN-00026,PHARM-IN-00049,2025-09-02T15:25:43Z,delivered
SHIP-4E558E,BATCH-2025-0B7B4A,7000,MFG-IN-00005,DIST-IN-00001,2025-10-17T00:58:12Z,delivered
SHIP-9A4206,BATCH-2025-0B7B4A,7000,DIST-IN-00001,WHS-IN-00033,2025-10-23T09:58:12Z,delivered
SHIP-5CB65C,BATCH-2025-0B7B4A,7000,WHS-IN-00033,PHARM-IN-00043,2025-10-30T20:58:12Z,delivered
SHIP-CF7C0E,BATCH-2025-0B7B4A,7000,MFG-IN-00005,DIST-IN-00017,2025-10-16T15:58:12Z,delivered
SHIP-003020,BATCH-2025-0B7B4A,7000,DIST-IN-00017,WHS-IN-00022,2025-10-21T19:58:12Z,delivered
SHIP-C96B21,BATCH-2025-0B7B4A,7000,WHS-IN-00022,PHARM-IN-00039,2025-10-31T07:58:12Z,delivered
SHIP-9FA33F,BATCH-2025-988518,134500,MFG-IN-00010,DIST-IN-00018,2025-04-11T09:40:43Z,delivered
SHIP-949EED,BATCH-2025-988518,134500,DIST-IN-00018,WHS-IN-00023,2025-04-19T18:40:43Z,delivered
SHIP-3667B2,BATCH-2025-988518,67250,WHS-IN-00023,PHARM-IN-00045,2025-04-25T05:40:43Z,delivered
SHIP-2B6871,BATCH-2025-988518,67250,WHS-IN-00023,PHARM-IN-00041,2025-04-27T05:40:43Z,delivered
SHIP-648DDA,BATCH-2025-988518,134500,MFG-IN-00010,DIST-IN-00021,2025-04-12T16:40:43Z,delivered
SHIP-A3A3D3,BATCH-2025-988518,134500,DIST-IN-00021,WHS-IN-00034,2025-04-16T22:40:43Z,delivered
SHIP-9EAB59,BATCH-2025-988518,134500,WHS-IN-00034,PHARM-IN-00004,2025-04-20T04:40:43Z,delivered
SHIP-ACF134,BATCH-2025-B97F17,77500,MFG-IN-00006,DIST-IN-00022,2025-08-21T20:47:29Z,delivered
SHIP-B32F08,BATCH-2025-B97F17,77500,DIST-IN-00022,WHS-IN-00023,2025-08-28T23:47:29Z,delivered
SHIP-F43DA2,BATCH-2025-B97F17,38750,WHS-IN-00023,PHARM-IN-00036,2025-09-01T08:47:29Z,delivered
SHIP-77B539,BATCH-2025-B97F17,38750,WHS-IN-00023,PHARM-IN-00025,2025-09-03T08:47:29Z,delivered
SHIP-18C6D5,BATCH-2025-B97F17,77500,MFG-IN-00006,DIST-IN-00009,2025-08-23T04:47:29Z,delivered
SHIP-4D202C,BATCH-2025-B97F17,77500,DIST-IN-00009,WHS-IN-00013,2025-08-29T04:47:29Z,delivered
SHIP-21FFBC,BATCH-2025-B97F17,38750,WHS-IN-00013,PHARM-IN-00035,2025-09-07T07:47:29Z,delivered
SHIP-B645F8,BATCH-2025-B97F17,38750,WHS-IN-00013,PHARM-IN-00048,2025-09-05T07:47:29Z,delivered
SHIP-7AF48E,BATCH-2026-E4AD73,351000,MFG-IN-00009,DIST-IN-00006,2026-06-06T09:29:59Z,delivered
SHIP-AF3F41,BATCH-2026-E4AD73,351000,DIST-IN-00006,WHS-IN-00018,2026-06-15T09:29:59Z,delivered
SHIP-A42A2A,BATCH-2026-E4AD73,175500,WHS-IN-00018,PHARM-IN-00017,2026-06-21T11:29:59Z,delivered
SHIP-603EE4,BATCH-2026-E4AD73,175500,WHS-IN-00018,PHARM-IN-00001,2026-06-19T11:29:59Z,delivered
SHIP-CC5D46,BATCH-2025-1B7DAD,232500,MFG-IN-00002,DIST-IN-00021,2025-09-08T17:00:07Z,delivered
SHIP-8B6BDB,BATCH-2025-1B7DAD,232500,DIST-IN-00021,WHS-IN-00034,2025-09-13T18:00:07Z,delivered
SHIP-9A78E3,BATCH-2025-1B7DAD,116250,WHS-IN-00034,PHARM-IN-00011,2025-09-21T02:00:07Z,delivered
SHIP-3D7A68,BATCH-2025-1B7DAD,116250,WHS-IN-00034,PHARM-IN-00027,2025-09-18T02:00:07Z,delivered
SHIP-4B1FD6,BATCH-2025-1B7DAD,232500,MFG-IN-00002,DIST-IN-00020,2025-09-08T07:00:07Z,delivered
SHIP-847B2F,BATCH-2025-1B7DAD,232500,DIST-IN-00020,WHS-IN-00034,2025-09-15T11:00:07Z,delivered
SHIP-CAA2B7,BATCH-2025-1B7DAD,116250,WHS-IN-00034,PHARM-IN-00058,2025-09-21T12:00:07Z,delivered
SHIP-A70911,BATCH-2025-1B7DAD,116250,WHS-IN-00034,PHARM-IN-00042,2025-09-20T12:00:07Z,delivered
SHIP-7CA114,BATCH-2025-69E70E,377000,MFG-IN-00003,DIST-IN-00010,2025-09-20T05:19:03Z,delivered
SHIP-CF1624,BATCH-2025-69E70E,377000,DIST-IN-00010,WHS-IN-00032,2025-09-24T13:19:03Z,delivered
SHIP-0725AB,BATCH-2025-69E70E,377000,WHS-IN-00032,PHARM-IN-00006,2025-09-28T23:19:03Z,delivered
SHIP-16E6C4,BATCH-2026-D3F8C1,69000,MFG-IN-00011,DIST-IN-00007,2026-03-14T08:30:27Z,delivered
SHIP-CD22F6,BATCH-2026-D3F8C1,69000,DIST-IN-00007,WHS-IN-00035,2026-03-24T09:30:27Z,delivered
SHIP-84EBDD,BATCH-2026-D3F8C1,34500,WHS-IN-00035,PHARM-IN-00010,2026-04-01T19:30:27Z,delivered
SHIP-35DD04,BATCH-2026-D3F8C1,34500,WHS-IN-00035,PHARM-IN-00002,2026-03-29T19:30:27Z,delivered
SHIP-DD2067,BATCH-2026-D3F8C1,69000,MFG-IN-00011,DIST-IN-00022,2026-03-14T00:30:27Z,delivered
SHIP-2B2227,BATCH-2026-D3F8C1,69000,DIST-IN-00022,WHS-IN-00017,2026-03-19T09:30:27Z,delivered
SHIP-D99FD5,BATCH-2026-D3F8C1,34500,WHS-IN-00017,PHARM-IN-00002,2026-03-24T16:30:27Z,delivered
SHIP-444733,BATCH-2026-D3F8C1,34500,WHS-IN-00017,PHARM-IN-00025,2026-03-28T16:30:27Z,delivered
SHIP-05DD00,BATCH-2025-C4BC64,180000,MFG-IN-00007,DIST-IN-00017,2025-03-18T23:50:12Z,delivered
SHIP-A193C5,BATCH-2025-C4BC64,180000,DIST-IN-00017,WHS-IN-00019,2025-03-26T08:50:12Z,delivered
SHIP-177786,BATCH-2025-C4BC64,90000,WHS-IN-00019,PHARM-IN-00035,2025-04-01T14:50:12Z,delivered
SHIP-29D1E3,BATCH-2025-C4BC64,90000,WHS-IN-00019,PHARM-IN-00015,2025-04-01T14:50:12Z,delivered
SHIP-B7AB9E,BATCH-2026-D09662,148500,MFG-IN-00005,DIST-IN-00001,2026-01-25T13:24:39Z,delivered
SHIP-28701C,BATCH-2026-D09662,148500,DIST-IN-00001,WHS-IN-00026,2026-01-31T13:24:39Z,delivered
SHIP-1D0547,BATCH-2026-D09662,74250,WHS-IN-00026,PHARM-IN-00058,2026-02-04T17:24:39Z,delivered
SHIP-DA03F8,BATCH-2026-D09662,74250,WHS-IN-00026,PHARM-IN-00047,2026-02-03T17:24:39Z,delivered
SHIP-90B502,BATCH-2026-D09662,148500,MFG-IN-00005,DIST-IN-00018,2026-01-25T16:24:39Z,delivered
SHIP-12F3D2,BATCH-2026-D09662,148500,DIST-IN-00018,WHS-IN-00030,2026-02-01T18:24:39Z,delivered
SHIP-C1AF79,BATCH-2026-D09662,148500,WHS-IN-00030,PHARM-IN-00013,2026-02-07T22:24:39Z,delivered
SHIP-9635CA,BATCH-2026-222134,437000,MFG-IN-00015,DIST-IN-00021,2026-04-13T00:32:24Z,delivered
SHIP-F8A51C,BATCH-2026-222134,437000,DIST-IN-00021,WHS-IN-00013,2026-04-19T09:32:24Z,delivered
SHIP-82255C,BATCH-2026-222134,218500,WHS-IN-00013,PHARM-IN-00020,2026-04-28T16:32:24Z,delivered
SHIP-A786BF,BATCH-2026-222134,218500,WHS-IN-00013,PHARM-IN-00045,2026-04-26T16:32:24Z,delivered
SHIP-194097,BATCH-2025-3BE2D8,167000,MFG-IN-00003,DIST-IN-00008,2025-05-25T16:45:24Z,delivered
SHIP-945AE8,BATCH-2025-3BE2D8,167000,DIST-IN-00008,WHS-IN-00031,2025-06-01T18:45:24Z,delivered
SHIP-AA3DCE,BATCH-2025-3BE2D8,83500,WHS-IN-00031,PHARM-IN-00007,2025-06-10T23:45:24Z,delivered
SHIP-11F95A,BATCH-2025-3BE2D8,83500,WHS-IN-00031,PHARM-IN-00012,2025-06-10T23:45:24Z,delivered
SHIP-7CA299,BATCH-2025-F0C53C,179500,MFG-IN-00013,DIST-IN-00001,2025-11-18T11:02:51Z,delivered
SHIP-06244A,BATCH-2025-F0C53C,179500,DIST-IN-00001,WHS-IN-00003,2025-11-27T23:02:51Z,delivered
SHIP-FCBE75,BATCH-2025-F0C53C,89750,WHS-IN-00003,PHARM-IN-00010,2025-12-05T07:02:51Z,delivered
SHIP-78EEAD,BATCH-2025-F0C53C,89750,WHS-IN-00003,PHARM-IN-00024,2025-12-03T07:02:51Z,delivered
SHIP-34ADF7,BATCH-2025-F0C53C,179500,MFG-IN-00013,DIST-IN-00017,2025-11-17T23:02:51Z,delivered
SHIP-00C85F,BATCH-2025-F0C53C,179500,DIST-IN-00017,WHS-IN-00016,2025-11-26T07:02:51Z,delivered
SHIP-5959A3,BATCH-2025-F0C53C,89750,WHS-IN-00016,PHARM-IN-00012,2025-12-03T19:02:51Z,delivered
SHIP-560E1D,BATCH-2025-F0C53C,89750,WHS-IN-00016,PHARM-IN-00037,2025-12-01T19:02:51Z,delivered
SHIP-B2DE9A,BATCH-2026-786AE4,483000,MFG-IN-00006,DIST-IN-00009,2026-06-11T15:58:08Z,delivered
SHIP-C80EF3,BATCH-2026-786AE4,483000,DIST-IN-00009,WHS-IN-00034,2026-06-16T01:58:08Z,delivered
SHIP-A9A78E,BATCH-2026-786AE4,161000,WHS-IN-00034,PHARM-IN-00003,2026-06-21T08:58:08Z,delivered
SHIP-5D493A,BATCH-2026-786AE4,161000,WHS-IN-00034,PHARM-IN-00042,2026-06-25T08:58:08Z,delivered
SHIP-60DDF9,BATCH-2026-786AE4,161000,WHS-IN-00034,PHARM-IN-00021,2026-06-23T08:58:08Z,delivered
SHIP-8556F5,BATCH-2025-40439A,101000,MFG-IN-00013,DIST-IN-00008,2026-01-03T06:43:29Z,delivered
SHIP-0246A5,BATCH-2025-40439A,101000,DIST-IN-00008,WHS-IN-00031,2026-01-11T11:43:29Z,delivered
SHIP-29D331,BATCH-2025-40439A,50500,WHS-IN-00031,PHARM-IN-00015,2026-01-17T19:43:29Z,delivered
SHIP-49729B,BATCH-2025-40439A,50500,WHS-IN-00031,PHARM-IN-00005,2026-01-14T19:43:29Z,delivered
SHIP-E69AAA,BATCH-2025-D2C501,206500,MFG-IN-00007,DIST-IN-00014,2025-09-08T11:37:08Z,delivered
SHIP-B33300,BATCH-2025-D2C501,206500,DIST-IN-00014,WHS-IN-00011,2025-09-18T18:37:08Z,delivered
SHIP-880DB6,BATCH-2025-D2C501,206500,WHS-IN-00011,PHARM-IN-00037,2025-09-27T18:37:08Z,delivered
SHIP-7BAC56,BATCH-2025-D2C501,206500,MFG-IN-00007,DIST-IN-00011,2025-09-08T17:37:08Z,delivered
SHIP-079028,BATCH-2025-D2C501,206500,DIST-IN-00011,WHS-IN-00017,2025-09-12T17:37:08Z,delivered
SHIP-3E18EF,BATCH-2025-D2C501,68833,WHS-IN-00017,PHARM-IN-00047,2025-09-20T02:37:08Z,delivered
SHIP-DAB1B4,BATCH-2025-D2C501,68833,WHS-IN-00017,PHARM-IN-00043,2025-09-22T02:37:08Z,delivered
SHIP-CF7119,BATCH-2025-D2C501,68834,WHS-IN-00017,PHARM-IN-00053,2025-09-19T02:37:08Z,delivered
SHIP-39530A,BATCH-2025-BD2AC7,214000,MFG-IN-00001,DIST-IN-00025,2025-08-09T12:27:54Z,delivered
SHIP-50F4B9,BATCH-2025-BD2AC7,214000,DIST-IN-00025,WHS-IN-00030,2025-08-17T14:27:54Z,delivered
SHIP-4C3BAE,BATCH-2025-BD2AC7,214000,WHS-IN-00030,PHARM-IN-00007,2025-08-19T17:27:54Z,delivered
SHIP-79EFF9,BATCH-2025-BD2AC7,214000,MFG-IN-00001,DIST-IN-00006,2025-08-08T03:27:54Z,delivered
SHIP-F60C60,BATCH-2025-BD2AC7,214000,DIST-IN-00006,WHS-IN-00003,2025-08-14T05:27:54Z,delivered
SHIP-E3CBB9,BATCH-2025-BD2AC7,107000,WHS-IN-00003,PHARM-IN-00058,2025-08-20T06:27:54Z,delivered
SHIP-C58B78,BATCH-2025-BD2AC7,107000,WHS-IN-00003,PHARM-IN-00039,2025-08-20T06:27:54Z,delivered
SHIP-5F94F2,BATCH-2025-ED0A87,173500,MFG-IN-00014,DIST-IN-00014,2025-08-08T03:35:46Z,delivered
SHIP-FF29B3,BATCH-2025-ED0A87,173500,DIST-IN-00014,WHS-IN-00028,2025-08-13T12:35:46Z,delivered
SHIP-34138A,BATCH-2025-ED0A87,57833,WHS-IN-00028,PHARM-IN-00006,2025-08-21T19:35:46Z,delivered
SHIP-49FD84,BATCH-2025-ED0A87,57833,WHS-IN-00028,PHARM-IN-00019,2025-08-17T19:35:46Z,delivered
SHIP-F0F97C,BATCH-2025-ED0A87,57834,WHS-IN-00028,PHARM-IN-00039,2025-08-21T19:35:46Z,delivered
SHIP-186BD4,BATCH-2025-ED0A87,173500,MFG-IN-00014,DIST-IN-00008,2025-08-08T23:35:46Z,delivered
SHIP-7CF57D,BATCH-2025-ED0A87,173500,DIST-IN-00008,WHS-IN-00007,2025-08-14T05:35:46Z,delivered
SHIP-054FAD,BATCH-2025-ED0A87,173500,WHS-IN-00007,PHARM-IN-00035,2025-08-22T15:35:46Z,delivered
SHIP-A8FE85,BATCH-2025-97DF25,169000,MFG-IN-00005,DIST-IN-00013,2025-09-18T21:16:01Z,delivered
SHIP-4230B5,BATCH-2025-97DF25,169000,DIST-IN-00013,WHS-IN-00031,2025-09-25T23:16:01Z,delivered
SHIP-673CED,BATCH-2025-97DF25,84500,WHS-IN-00031,PHARM-IN-00026,2025-10-01T08:16:01Z,delivered
SHIP-D8312A,BATCH-2025-97DF25,84500,WHS-IN-00031,PHARM-IN-00048,2025-10-03T08:16:01Z,delivered
SHIP-C0ACAD,BATCH-2025-97DF25,169000,MFG-IN-00005,DIST-IN-00025,2025-09-19T03:16:01Z,delivered
SHIP-4C61D8,BATCH-2025-97DF25,169000,DIST-IN-00025,WHS-IN-00004,2025-09-25T15:16:01Z,delivered
SHIP-5F744B,BATCH-2025-97DF25,56333,WHS-IN-00004,PHARM-IN-00053,2025-10-05T01:16:01Z,delivered
SHIP-B973D3,BATCH-2025-97DF25,56333,WHS-IN-00004,PHARM-IN-00010,2025-10-03T01:16:01Z,delivered
SHIP-8217FC,BATCH-2025-97DF25,56334,WHS-IN-00004,PHARM-IN-00031,2025-10-05T01:16:01Z,delivered
SHIP-398C86,BATCH-2025-95481B,229500,MFG-IN-00014,DIST-IN-00013,2025-03-10T04:30:40Z,delivered
SHIP-1F4CAF,BATCH-2025-95481B,229500,DIST-IN-00013,WHS-IN-00032,2025-03-15T16:30:40Z,delivered
SHIP-400CE7,BATCH-2025-95481B,229500,WHS-IN-00032,PHARM-IN-00051,2025-03-21T19:30:40Z,delivered
SHIP-D8FF31,BATCH-2025-95481B,229500,MFG-IN-00014,DIST-IN-00020,2025-03-11T05:30:40Z,delivered
SHIP-08605A,BATCH-2025-95481B,229500,DIST-IN-00020,WHS-IN-00001,2025-03-14T10:30:40Z,delivered
SHIP-0293DE,BATCH-2025-95481B,229500,WHS-IN-00001,PHARM-IN-00026,2025-03-19T14:30:40Z,delivered
SHIP-61F1D7,BATCH-2025-D65253,93000,MFG-IN-00005,DIST-IN-00003,2025-05-11T02:46:11Z,delivered
SHIP-819285,BATCH-2025-D65253,93000,DIST-IN-00003,WHS-IN-00015,2025-05-19T07:46:11Z,delivered
SHIP-FB8825,BATCH-2025-D65253,46500,WHS-IN-00015,PHARM-IN-00017,2025-05-25T14:46:11Z,delivered
SHIP-1C86D5,BATCH-2025-D65253,46500,WHS-IN-00015,PHARM-IN-00012,2025-05-26T14:46:11Z,delivered
SHIP-8EF52C,BATCH-2025-D65253,93000,MFG-IN-00005,DIST-IN-00018,2025-05-10T12:46:11Z,delivered
SHIP-BFCFFB,BATCH-2025-D65253,93000,DIST-IN-00018,WHS-IN-00029,2025-05-17T20:46:11Z,delivered
SHIP-8428D8,BATCH-2025-D65253,46500,WHS-IN-00029,PHARM-IN-00050,2025-05-26T08:46:11Z,delivered
SHIP-0C165C,BATCH-2025-D65253,46500,WHS-IN-00029,PHARM-IN-00030,2025-05-25T08:46:11Z,delivered
SHIP-424F9D,BATCH-2025-0D7E7D,70000,MFG-IN-00009,DIST-IN-00008,2025-12-12T02:33:47Z,delivered
SHIP-10DD38,BATCH-2025-0D7E7D,70000,DIST-IN-00008,WHS-IN-00016,2025-12-16T13:33:47Z,delivered
SHIP-D676DF,BATCH-2025-0D7E7D,70000,WHS-IN-00016,PHARM-IN-00060,2025-12-19T19:33:47Z,delivered
SHIP-5726F6,BATCH-2025-0D7E7D,70000,MFG-IN-00009,DIST-IN-00011,2025-12-11T17:33:47Z,delivered
SHIP-E7B645,BATCH-2025-0D7E7D,70000,DIST-IN-00011,WHS-IN-00032,2025-12-20T19:33:47Z,delivered
SHIP-A74296,BATCH-2025-0D7E7D,23333,WHS-IN-00032,PHARM-IN-00014,2025-12-24T22:33:47Z,delivered
SHIP-3E5214,BATCH-2025-0D7E7D,23333,WHS-IN-00032,PHARM-IN-00015,2025-12-23T22:33:47Z,delivered
SHIP-B0CF01,BATCH-2025-0D7E7D,23334,WHS-IN-00032,PHARM-IN-00013,2025-12-27T22:33:47Z,delivered
SHIP-E19A74,BATCH-2025-757E63,22500,MFG-IN-00001,DIST-IN-00012,2025-11-25T04:34:49Z,delivered
SHIP-688EBD,BATCH-2025-757E63,22500,DIST-IN-00012,WHS-IN-00033,2025-12-01T11:34:49Z,delivered
SHIP-106EC8,BATCH-2025-757E63,22500,WHS-IN-00033,PHARM-IN-00052,2025-12-09T14:34:49Z,delivered
SHIP-D2DAC2,BATCH-2025-757E63,22500,MFG-IN-00001,DIST-IN-00020,2025-11-25T05:34:49Z,delivered
SHIP-818D53,BATCH-2025-757E63,22500,DIST-IN-00020,WHS-IN-00030,2025-11-29T11:34:49Z,delivered
SHIP-08C533,BATCH-2025-757E63,22500,WHS-IN-00030,PHARM-IN-00014,2025-12-07T16:34:49Z,delivered
SHIP-BFDA71,BATCH-2025-A5C087,175500,MFG-IN-00011,DIST-IN-00009,2025-10-07T22:24:46Z,delivered
SHIP-86C09F,BATCH-2025-A5C087,175500,DIST-IN-00009,WHS-IN-00022,2025-10-13T02:24:46Z,delivered
SHIP-88E301,BATCH-2025-A5C087,175500,WHS-IN-00022,PHARM-IN-00045,2025-10-18T09:24:46Z,delivered
SHIP-F17F2C,BATCH-2025-A5C087,175500,MFG-IN-00011,DIST-IN-00006,2025-10-08T10:24:46Z,delivered
SHIP-A81AA7,BATCH-2025-A5C087,175500,DIST-IN-00006,WHS-IN-00015,2025-10-11T19:24:46Z,delivered
SHIP-2A6C96,BATCH-2025-A5C087,87750,WHS-IN-00015,PHARM-IN-00055,2025-10-17T07:24:46Z,delivered
SHIP-24C54E,BATCH-2025-A5C087,87750,WHS-IN-00015,PHARM-IN-00025,2025-10-19T07:24:46Z,delivered
SHIP-A882FD,BATCH-2026-C2987C,108000,MFG-IN-00012,DIST-IN-00021,2026-04-24T00:59:51Z,delivered
SHIP-7B7384,BATCH-2026-C2987C,108000,DIST-IN-00021,WHS-IN-00020,2026-04-30T12:59:51Z,delivered
SHIP-F1FA1E,BATCH-2026-C2987C,54000,WHS-IN-00020,PHARM-IN-00004,2026-05-04T18:59:51Z,delivered
SHIP-D48B05,BATCH-2026-C2987C,54000,WHS-IN-00020,PHARM-IN-00014,2026-05-05T18:59:51Z,delivered
SHIP-0D6DF9,BATCH-2026-F05656,217000,MFG-IN-00007,DIST-IN-00018,2026-06-08T00:01:46Z,delivered
SHIP-B43CBB,BATCH-2026-F05656,217000,DIST-IN-00018,WHS-IN-00023,2026-06-15T06:01:46Z,delivered
SHIP-FA74DC,BATCH-2026-F05656,72333,WHS-IN-00023,PHARM-IN-00019,2026-06-22T15:01:46Z,delivered
SHIP-3EC441,BATCH-2026-F05656,72333,WHS-IN-00023,PHARM-IN-00023,2026-06-18T15:01:46Z,delivered
SHIP-A9411B,BATCH-2026-F05656,72334,WHS-IN-00023,PHARM-IN-00021,2026-06-21T15:01:46Z,delivered
SHIP-864C51,BATCH-2025-A4D641,412000,MFG-IN-00005,DIST-IN-00020,2025-07-30T07:05:21Z,delivered
SHIP-49A805,BATCH-2025-A4D641,412000,DIST-IN-00020,WHS-IN-00022,2025-08-02T08:05:21Z,delivered
SHIP-0AAACB,BATCH-2025-A4D641,206000,WHS-IN-00022,PHARM-IN-00039,2025-08-09T13:05:21Z,delivered
SHIP-D8CCCD,BATCH-2025-A4D641,206000,WHS-IN-00022,PHARM-IN-00042,2025-08-10T13:05:21Z,delivered
SHIP-CB3481,BATCH-2026-D0BB0F,416000,MFG-IN-00008,DIST-IN-00001,2026-03-18T22:58:26Z,delivered
SHIP-BA2EF8,BATCH-2026-D0BB0F,416000,DIST-IN-00001,WHS-IN-00006,2026-03-23T08:58:26Z,delivered
SHIP-2CE851,BATCH-2026-D0BB0F,416000,WHS-IN-00006,PHARM-IN-00060,2026-03-29T14:58:26Z,delivered
SHIP-C49E66,BATCH-2025-17736C,354000,MFG-IN-00005,DIST-IN-00003,2025-04-26T04:51:48Z,delivered
SHIP-A70D8F,BATCH-2025-17736C,354000,DIST-IN-00003,WHS-IN-00020,2025-04-30T05:51:48Z,delivered
SHIP-05B29D,BATCH-2025-17736C,177000,WHS-IN-00020,PHARM-IN-00009,2025-05-04T16:51:48Z,delivered
SHIP-F6285C,BATCH-2025-17736C,177000,WHS-IN-00020,PHARM-IN-00034,2025-05-05T16:51:48Z,delivered
SHIP-D98D11,BATCH-2025-1FE526,135000,MFG-IN-00004,DIST-IN-00005,2025-03-07T10:19:20Z,delivered
SHIP-63CA19,BATCH-2025-1FE526,135000,DIST-IN-00005,WHS-IN-00034,2025-03-17T20:19:20Z,delivered
SHIP-EAED05,BATCH-2025-1FE526,67500,WHS-IN-00034,PHARM-IN-00052,2025-03-25T01:19:20Z,delivered
SHIP-A6EF88,BATCH-2025-1FE526,67500,WHS-IN-00034,PHARM-IN-00006,2025-03-24T01:19:20Z,delivered
SHIP-FA3A94,BATCH-2026-E97659,463000,MFG-IN-00013,DIST-IN-00025,2026-02-02T15:34:21Z,delivered
SHIP-A24687,BATCH-2026-E97659,463000,DIST-IN-00025,WHS-IN-00032,2026-02-09T22:34:21Z,delivered
SHIP-0A919A,BATCH-2026-E97659,231500,WHS-IN-00032,PHARM-IN-00039,2026-02-13T22:34:21Z,delivered
SHIP-A0B6FD,BATCH-2026-E97659,231500,WHS-IN-00032,PHARM-IN-00015,2026-02-17T22:34:21Z,delivered
SHIP-12CE82,BATCH-2025-217DF3,85000,MFG-IN-00007,DIST-IN-00024,2025-12-23T10:04:09Z,delivered
SHIP-16CDBD,BATCH-2025-217DF3,85000,DIST-IN-00024,WHS-IN-00028,2025-12-31T14:04:09Z,delivered
SHIP-80FAFE,BATCH-2025-217DF3,85000,WHS-IN-00028,PHARM-IN-00048,2026-01-07T22:04:09Z,delivered
SHIP-48EC6B,BATCH-2026-4105E9,50000,MFG-IN-00014,DIST-IN-00006,2026-01-10T12:17:58Z,delivered
SHIP-8609D8,BATCH-2026-4105E9,50000,DIST-IN-00006,WHS-IN-00018,2026-01-20T21:17:58Z,delivered
SHIP-3FC670,BATCH-2026-4105E9,50000,WHS-IN-00018,PHARM-IN-00004,2026-01-30T00:17:58Z,delivered
SHIP-F05AFA,BATCH-2026-4105E9,50000,MFG-IN-00014,DIST-IN-00005,2026-01-10T23:17:58Z,delivered
SHIP-19ACDE,BATCH-2026-4105E9,50000,DIST-IN-00005,WHS-IN-00001,2026-01-16T01:17:58Z,delivered
SHIP-1437B5,BATCH-2026-4105E9,25000,WHS-IN-00001,PHARM-IN-00022,2026-01-20T03:17:58Z,delivered
SHIP-227F9F,BATCH-2026-4105E9,25000,WHS-IN-00001,PHARM-IN-00027,2026-01-18T03:17:58Z,delivered
SHIP-F0AE8A,BATCH-2025-B7EE89,78000,MFG-IN-00009,DIST-IN-00025,2025-05-20T10:17:17Z,delivered
SHIP-CFEAD8,BATCH-2025-B7EE89,78000,DIST-IN-00025,WHS-IN-00017,2025-05-28T12:17:17Z,delivered
SHIP-A72CAA,BATCH-2025-B7EE89,78000,WHS-IN-00017,PHARM-IN-00029,2025-05-31T13:17:17Z,delivered
SHIP-29207E,BATCH-2026-975971,217500,MFG-IN-00009,DIST-IN-00004,2026-01-24T00:09:59Z,delivered
SHIP-FF4942,BATCH-2026-975971,217500,DIST-IN-00004,WHS-IN-00021,2026-01-30T10:09:59Z,delivered
SHIP-52B3E0,BATCH-2026-975971,217500,WHS-IN-00021,PHARM-IN-00041,2026-02-03T21:09:59Z,delivered
SHIP-1459E7,BATCH-2026-975971,217500,MFG-IN-00009,DIST-IN-00017,2026-01-24T12:09:59Z,delivered
SHIP-FFAEBB,BATCH-2026-975971,217500,DIST-IN-00017,WHS-IN-00028,2026-01-29T13:09:59Z,delivered
SHIP-6D6700,BATCH-2026-975971,108750,WHS-IN-00028,PHARM-IN-00026,2026-02-01T15:09:59Z,delivered
SHIP-AD125E,BATCH-2026-975971,108750,WHS-IN-00028,PHARM-IN-00051,2026-02-04T15:09:59Z,delivered
SHIP-DF6C91,BATCH-2026-5D1681,394000,MFG-IN-00003,DIST-IN-00016,2026-01-29T08:54:30Z,delivered
SHIP-AEADFC,BATCH-2026-5D1681,394000,DIST-IN-00016,WHS-IN-00004,2026-02-04T20:54:30Z,delivered
SHIP-E1895A,BATCH-2026-5D1681,394000,WHS-IN-00004,PHARM-IN-00015,2026-02-10T07:54:30Z,delivered
SHIP-8A8055,BATCH-2026-6238CF,75000,MFG-IN-00005,DIST-IN-00001,2026-06-17T17:26:15Z,delivered
SHIP-F8D551,BATCH-2026-6238CF,75000,DIST-IN-00001,WHS-IN-00032,2026-06-25T21:26:15Z,delivered
SHIP-6B1C96,BATCH-2026-6238CF,37500,WHS-IN-00032,PHARM-IN-00032,2026-07-05T05:26:15Z,delivered
SHIP-1B08B4,BATCH-2026-6238CF,37500,WHS-IN-00032,PHARM-IN-00013,2026-07-03T05:26:15Z,delivered
SHIP-1D1213,BATCH-2026-6238CF,75000,MFG-IN-00005,DIST-IN-00023,2026-06-16T23:26:15Z,delivered
SHIP-DFCAF5,BATCH-2026-6238CF,75000,DIST-IN-00023,WHS-IN-00017,2026-06-24T06:26:15Z,delivered
SHIP-57705B,BATCH-2026-6238CF,37500,WHS-IN-00017,PHARM-IN-00033,2026-06-29T13:26:15Z,delivered
SHIP-56BA6B,BATCH-2026-6238CF,37500,WHS-IN-00017,PHARM-IN-00025,2026-07-02T13:26:15Z,delivered
SHIP-AF4ED6,BATCH-2025-683A8A,86500,MFG-IN-00005,DIST-IN-00018,2025-09-13T10:08:12Z,delivered
SHIP-5A8B43,BATCH-2025-683A8A,86500,DIST-IN-00018,WHS-IN-00019,2025-09-20T22:08:12Z,delivered
SHIP-3C784C,BATCH-2025-683A8A,86500,WHS-IN-00019,PHARM-IN-00034,2025-09-26T08:08:12Z,delivered
SHIP-251287,BATCH-2025-683A8A,86500,MFG-IN-00005,DIST-IN-00013,2025-09-12T03:08:12Z,delivered
SHIP-91DA8B,BATCH-2025-683A8A,86500,DIST-IN-00013,WHS-IN-00013,2025-09-15T04:08:12Z,delivered
SHIP-12C97F,BATCH-2025-683A8A,43250,WHS-IN-00013,PHARM-IN-00034,2025-09-21T13:08:12Z,delivered
SHIP-DC3B68,BATCH-2025-683A8A,43250,WHS-IN-00013,PHARM-IN-00040,2025-09-18T13:08:12Z,delivered
SHIP-BDB0D3,BATCH-2025-9C0E89,185500,MFG-IN-00003,DIST-IN-00003,2025-12-07T11:17:43Z,delivered
SHIP-CC6D09,BATCH-2025-9C0E89,185500,DIST-IN-00003,WHS-IN-00018,2025-12-16T16:17:43Z,delivered
SHIP-ACA773,BATCH-2025-9C0E89,61833,WHS-IN-00018,PHARM-IN-00005,2025-12-19T03:17:43Z,delivered
SHIP-677F59,BATCH-2025-9C0E89,61833,WHS-IN-00018,PHARM-IN-00014,2025-12-23T03:17:43Z,delivered
SHIP-18FB8E,BATCH-2025-9C0E89,61834,WHS-IN-00018,PHARM-IN-00034,2025-12-23T03:17:43Z,delivered
SHIP-C65190,BATCH-2025-9C0E89,185500,MFG-IN-00003,DIST-IN-00015,2025-12-07T23:17:43Z,delivered
SHIP-E4891A,BATCH-2025-9C0E89,185500,DIST-IN-00015,WHS-IN-00023,2025-12-18T10:17:43Z,delivered
SHIP-F2ADFC,BATCH-2025-9C0E89,61833,WHS-IN-00023,PHARM-IN-00011,2025-12-27T21:17:43Z,delivered
SHIP-0C7B10,BATCH-2025-9C0E89,61833,WHS-IN-00023,PHARM-IN-00051,2025-12-24T21:17:43Z,delivered
SHIP-F1096A,BATCH-2025-9C0E89,61834,WHS-IN-00023,PHARM-IN-00012,2025-12-27T21:17:43Z,delivered
SHIP-CE1787,BATCH-2026-8D94AF,111000,MFG-IN-00007,DIST-IN-00014,2026-04-13T01:00:17Z,delivered
SHIP-B055C6,BATCH-2026-8D94AF,111000,DIST-IN-00014,WHS-IN-00025,2026-04-20T10:00:17Z,delivered
SHIP-910D5D,BATCH-2026-8D94AF,55500,WHS-IN-00025,PHARM-IN-00026,2026-04-24T15:00:17Z,delivered
SHIP-78E458,BATCH-2026-8D94AF,55500,WHS-IN-00025,PHARM-IN-00001,2026-04-28T15:00:17Z,delivered
SHIP-1B0457,BATCH-2026-8D94AF,111000,MFG-IN-00007,DIST-IN-00024,2026-04-12T06:00:17Z,delivered
SHIP-DDB12F,BATCH-2026-8D94AF,111000,DIST-IN-00024,WHS-IN-00002,2026-04-20T09:00:17Z,delivered
SHIP-2BFE0A,BATCH-2026-8D94AF,111000,WHS-IN-00002,PHARM-IN-00030,2026-04-26T17:00:17Z,delivered
SHIP-DB9D74,BATCH-2026-FA009C,448000,MFG-IN-00007,DIST-IN-00019,2026-05-13T06:01:45Z,delivered
SHIP-D003B4,BATCH-2026-FA009C,448000,DIST-IN-00019,WHS-IN-00006,2026-05-21T18:01:45Z,delivered
SHIP-411537,BATCH-2026-FA009C,224000,WHS-IN-00006,PHARM-IN-00047,2026-05-30T03:01:45Z,delivered
SHIP-693645,BATCH-2026-FA009C,224000,WHS-IN-00006,PHARM-IN-00021,2026-05-31T03:01:45Z,delivered
SHIP-1FF790,BATCH-2025-BF71CF,285000,MFG-IN-00006,DIST-IN-00002,2025-12-14T19:52:40Z,delivered
SHIP-516C17,BATCH-2025-BF71CF,285000,DIST-IN-00002,WHS-IN-00015,2025-12-25T01:52:40Z,delivered
SHIP-680A4E,BATCH-2025-BF71CF,285000,WHS-IN-00015,PHARM-IN-00034,2025-12-27T11:52:40Z,delivered
SHIP-3D9F44,BATCH-2026-BFBD63,149000,MFG-IN-00015,DIST-IN-00023,2026-02-27T14:15:25Z,delivered
SHIP-798627,BATCH-2026-BFBD63,149000,DIST-IN-00023,WHS-IN-00029,2026-03-06T00:15:25Z,delivered
SHIP-5C9ABD,BATCH-2026-BFBD63,149000,WHS-IN-00029,PHARM-IN-00026,2026-03-09T03:15:25Z,delivered
SHIP-52CD04,BATCH-2026-BEA5BA,380000,MFG-IN-00007,DIST-IN-00024,2026-07-17T23:42:28Z,delivered
SHIP-1F1A9C,BATCH-2026-BEA5BA,380000,DIST-IN-00024,WHS-IN-00026,2026-07-27T03:42:28Z,delivered
SHIP-18E31A,BATCH-2026-BEA5BA,190000,WHS-IN-00026,PHARM-IN-00031,2026-08-02T15:42:28Z,delivered
SHIP-B9C47F,BATCH-2026-BEA5BA,190000,WHS-IN-00026,PHARM-IN-00036,2026-08-05T15:42:28Z,delivered
SHIP-1369A8,BATCH-2026-4CFF4C,474000,MFG-IN-00015,DIST-IN-00014,2026-06-14T02:42:37Z,delivered
SHIP-50384C,BATCH-2026-4CFF4C,474000,DIST-IN-00014,WHS-IN-00028,2026-06-18T03:42:37Z,delivered
SHIP-0919BF,BATCH-2026-4CFF4C,474000,WHS-IN-00028,PHARM-IN-00042,2026-06-22T06:42:37Z,delivered
SHIP-1E6834,BATCH-2025-0782AE,39500,MFG-IN-00011,DIST-IN-00015,2025-04-20T08:53:38Z,delivered
SHIP-D0EAE8,BATCH-2025-0782AE,39500,DIST-IN-00015,WHS-IN-00024,2025-04-23T11:53:38Z,delivered
SHIP-143A4A,BATCH-2025-0782AE,39500,WHS-IN-00024,PHARM-IN-00040,2025-04-26T12:53:38Z,delivered
SHIP-3A39C2,BATCH-2025-0782AE,39500,MFG-IN-00011,DIST-IN-00020,2025-04-21T00:53:38Z,delivered
SHIP-B59D2E,BATCH-2025-0782AE,39500,DIST-IN-00020,WHS-IN-00031,2025-04-23T04:53:38Z,delivered
SHIP-5762BA,BATCH-2025-0782AE,39500,WHS-IN-00031,PHARM-IN-00034,2025-04-29T07:53:38Z,delivered
SHIP-5B0C08,BATCH-2025-E92C99,121000,MFG-IN-00005,DIST-IN-00022,2025-10-28T19:17:45Z,delivered
SHIP-B73F19,BATCH-2025-E92C99,121000,DIST-IN-00022,WHS-IN-00004,2025-11-01T23:17:45Z,delivered
SHIP-0670F6,BATCH-2025-E92C99,121000,WHS-IN-00004,PHARM-IN-00042,2025-11-05T11:17:45Z,delivered
SHIP-46B22A,BATCH-2025-E92C99,121000,MFG-IN-00005,DIST-IN-00001,2025-10-29T00:17:45Z,delivered
SHIP-4E1B96,BATCH-2025-E92C99,121000,DIST-IN-00001,WHS-IN-00019,2025-11-07T01:17:45Z,delivered
SHIP-ABA3AC,BATCH-2025-E92C99,60500,WHS-IN-00019,PHARM-IN-00046,2025-11-14T04:17:45Z,delivered
SHIP-82187A,BATCH-2025-E92C99,60500,WHS-IN-00019,PHARM-IN-00007,2025-11-13T04:17:45Z,delivered
SHIP-15182D,BATCH-2025-F77F89,139000,MFG-IN-00015,DIST-IN-00023,2025-09-16T05:04:45Z,delivered
SHIP-5EED41,BATCH-2025-F77F89,139000,DIST-IN-00023,WHS-IN-00022,2025-09-22T13:04:45Z,delivered
SHIP-BE51FF,BATCH-2025-F77F89,139000,WHS-IN-00022,PHARM-IN-00044,2025-09-30T00:04:45Z,delivered
SHIP-659961,BATCH-2025-E4DBFD,342000,MFG-IN-00012,DIST-IN-00017,2025-11-12T22:44:01Z,delivered
SHIP-6C6AC6,BATCH-2025-E4DBFD,342000,DIST-IN-00017,WHS-IN-00018,2025-11-18T04:44:01Z,delivered
SHIP-FE77D6,BATCH-2025-E4DBFD,171000,WHS-IN-00018,PHARM-IN-00006,2025-11-24T09:44:01Z,delivered
SHIP-BADFCF,BATCH-2025-E4DBFD,171000,WHS-IN-00018,PHARM-IN-00047,2025-11-25T09:44:01Z,delivered
SHIP-9397B1,BATCH-2025-CDDC5D,56000,MFG-IN-00011,DIST-IN-00011,2025-03-12T10:26:27Z,delivered
SHIP-B41578,BATCH-2025-CDDC5D,56000,DIST-IN-00011,WHS-IN-00035,2025-03-20T20:26:27Z,delivered
SHIP-0540D6,BATCH-2025-CDDC5D,28000,WHS-IN-00035,PHARM-IN-00058,2025-03-24T22:26:27Z,delivered
SHIP-CD881C,BATCH-2025-CDDC5D,28000,WHS-IN-00035,PHARM-IN-00034,2025-03-27T22:26:27Z,delivered
SHIP-5E33BC,BATCH-2025-CDDC5D,56000,MFG-IN-00011,DIST-IN-00015,2025-03-13T13:26:27Z,delivered
SHIP-1A8B3C,BATCH-2025-CDDC5D,56000,DIST-IN-00015,WHS-IN-00010,2025-03-20T15:26:27Z,delivered
SHIP-D7A6C0,BATCH-2025-CDDC5D,18666,WHS-IN-00010,PHARM-IN-00027,2025-03-25T03:26:27Z,delivered
SHIP-76A5BD,BATCH-2025-CDDC5D,18667,WHS-IN-00010,PHARM-IN-00020,2025-03-23T03:26:27Z,delivered
SHIP-B06857,BATCH-2025-CDDC5D,18667,WHS-IN-00010,PHARM-IN-00029,2025-03-27T03:26:27Z,delivered
SHIP-88C7E2,BATCH-2026-A44C09,298000,MFG-IN-00004,DIST-IN-00008,2026-02-15T17:49:04Z,delivered
SHIP-0E6F02,BATCH-2026-A44C09,298000,DIST-IN-00008,WHS-IN-00009,2026-02-22T04:49:04Z,delivered
SHIP-21D2DE,BATCH-2026-A44C09,298000,WHS-IN-00009,PHARM-IN-00025,2026-03-02T15:49:04Z,delivered
SHIP-F7E323,BATCH-2025-DC54D7,408000,MFG-IN-00005,DIST-IN-00002,2025-06-27T07:48:58Z,delivered
SHIP-F0146B,BATCH-2025-DC54D7,408000,DIST-IN-00002,WHS-IN-00015,2025-07-04T11:48:58Z,delivered
SHIP-E9303D,BATCH-2025-DC54D7,408000,WHS-IN-00015,PHARM-IN-00060,2025-07-10T23:48:58Z,delivered
SHIP-10ED8D,BATCH-2025-CB2E1F,106500,MFG-IN-00002,DIST-IN-00008,2025-10-15T09:18:16Z,delivered
SHIP-0F002D,BATCH-2025-CB2E1F,106500,DIST-IN-00008,WHS-IN-00026,2025-10-24T20:18:16Z,delivered
SHIP-72243B,BATCH-2025-CB2E1F,53250,WHS-IN-00026,PHARM-IN-00053,2025-10-27T04:18:16Z,delivered
SHIP-760143,BATCH-2025-CB2E1F,53250,WHS-IN-00026,PHARM-IN-00057,2025-10-27T04:18:16Z,delivered
SHIP-EC3E07,BATCH-2025-CB2E1F,106500,MFG-IN-00002,DIST-IN-00014,2025-10-15T19:18:16Z,delivered
SHIP-CE5EBE,BATCH-2025-CB2E1F,106500,DIST-IN-00014,WHS-IN-00020,2025-10-22T02:18:16Z,delivered
SHIP-C2E921,BATCH-2025-CB2E1F,106500,WHS-IN-00020,PHARM-IN-00059,2025-10-27T04:18:16Z,delivered
SHIP-246E0D,BATCH-2025-C5A280,445000,MFG-IN-00012,DIST-IN-00017,2025-05-02T14:34:40Z,delivered
SHIP-6DC486,BATCH-2025-C5A280,445000,DIST-IN-00017,WHS-IN-00021,2025-05-08T20:34:40Z,delivered
SHIP-E47078,BATCH-2025-C5A280,222500,WHS-IN-00021,PHARM-IN-00046,2025-05-11T22:34:40Z,delivered
SHIP-550C5F,BATCH-2025-C5A280,222500,WHS-IN-00021,PHARM-IN-00058,2025-05-12T22:34:40Z,delivered
SHIP-0D2197,BATCH-2025-B3909C,348000,MFG-IN-00010,DIST-IN-00023,2025-11-13T08:20:50Z,delivered
SHIP-D6C487,BATCH-2025-B3909C,348000,DIST-IN-00023,WHS-IN-00033,2025-11-21T09:20:50Z,delivered
SHIP-3676F2,BATCH-2025-B3909C,348000,WHS-IN-00033,PHARM-IN-00011,2025-11-26T15:20:50Z,delivered
SHIP-47C822,BATCH-2025-C011FF,431000,MFG-IN-00011,DIST-IN-00023,2025-02-22T21:51:11Z,delivered
SHIP-5C5742,BATCH-2025-C011FF,431000,DIST-IN-00023,WHS-IN-00019,2025-03-04T01:51:11Z,delivered
SHIP-07CDF3,BATCH-2025-C011FF,143666,WHS-IN-00019,PHARM-IN-00001,2025-03-09T02:51:11Z,delivered
SHIP-655157,BATCH-2025-C011FF,143667,WHS-IN-00019,PHARM-IN-00040,2025-03-10T02:51:11Z,delivered
SHIP-E7A930,BATCH-2025-C011FF,143667,WHS-IN-00019,PHARM-IN-00049,2025-03-08T02:51:11Z,delivered
SHIP-0D1983,BATCH-2025-35DC60,100000,MFG-IN-00006,DIST-IN-00015,2025-06-12T09:57:42Z,delivered
SHIP-8BC01B,BATCH-2025-35DC60,100000,DIST-IN-00015,WHS-IN-00014,2025-06-14T12:57:42Z,delivered
SHIP-21B9B0,BATCH-2025-35DC60,50000,WHS-IN-00014,PHARM-IN-00003,2025-06-17T14:57:42Z,delivered
SHIP-8C0666,BATCH-2025-35DC60,50000,WHS-IN-00014,PHARM-IN-00010,2025-06-17T14:57:42Z,delivered
SHIP-EDB161,BATCH-2026-112409,432000,MFG-IN-00005,DIST-IN-00010,2026-02-13T19:52:30Z,delivered
SHIP-6BD8B2,BATCH-2026-112409,432000,DIST-IN-00010,WHS-IN-00003,2026-02-17T02:52:30Z,delivered
SHIP-E6142A,BATCH-2026-112409,144000,WHS-IN-00003,PHARM-IN-00053,2026-02-24T07:52:30Z,delivered
SHIP-3E2BB0,BATCH-2026-112409,144000,WHS-IN-00003,PHARM-IN-00005,2026-02-22T07:52:30Z,delivered
SHIP-2EDB80,BATCH-2026-112409,144000,WHS-IN-00003,PHARM-IN-00049,2026-02-23T07:52:30Z,delivered
SHIP-2A6EFC,BATCH-2025-321333,67000,MFG-IN-00004,DIST-IN-00020,2025-09-18T03:35:57Z,delivered
SHIP-409CE0,BATCH-2025-321333,67000,DIST-IN-00020,WHS-IN-00028,2025-09-24T10:35:57Z,delivered
SHIP-F43C4A,BATCH-2025-321333,22333,WHS-IN-00028,PHARM-IN-00040,2025-10-02T14:35:57Z,delivered
SHIP-B92C94,BATCH-2025-321333,22333,WHS-IN-00028,PHARM-IN-00037,2025-10-02T14:35:57Z,delivered
SHIP-40D649,BATCH-2025-321333,22334,WHS-IN-00028,PHARM-IN-00032,2025-09-29T14:35:57Z,delivered
SHIP-D8430F,BATCH-2025-321333,67000,MFG-IN-00004,DIST-IN-00002,2025-09-17T20:35:57Z,delivered
SHIP-D22998,BATCH-2025-321333,67000,DIST-IN-00002,WHS-IN-00027,2025-09-23T07:35:57Z,delivered
SHIP-DDF5E2,BATCH-2025-321333,33500,WHS-IN-00027,PHARM-IN-00041,2025-09-25T12:35:57Z,delivered
SHIP-F25945,BATCH-2025-321333,33500,WHS-IN-00027,PHARM-IN-00014,2025-09-27T12:35:57Z,delivered
SHIP-C04C0E,BATCH-2025-49E09E,263000,MFG-IN-00011,DIST-IN-00011,2025-10-31T13:53:15Z,delivered
SHIP-2858D6,BATCH-2025-49E09E,263000,DIST-IN-00011,WHS-IN-00002,2025-11-05T18:53:15Z,delivered
SHIP-F29E7A,BATCH-2025-49E09E,87666,WHS-IN-00002,PHARM-IN-00031,2025-11-08T23:53:15Z,delivered
SHIP-8A7402,BATCH-2025-49E09E,87667,WHS-IN-00002,PHARM-IN-00059,2025-11-11T23:53:15Z,delivered
SHIP-FCA30C,BATCH-2025-49E09E,87667,WHS-IN-00002,PHARM-IN-00052,2025-11-08T23:53:15Z,delivered
SHIP-A39789,BATCH-2025-0061A9,153000,MFG-IN-00004,DIST-IN-00001,2025-09-03T04:02:16Z,delivered
SHIP-4CE7C5,BATCH-2025-0061A9,153000,DIST-IN-00001,WHS-IN-00005,2025-09-08T16:02:16Z,delivered
SHIP-8860F3,BATCH-2025-0061A9,51000,WHS-IN-00005,PHARM-IN-00041,2025-09-13T16:02:16Z,delivered
SHIP-993A73,BATCH-2025-0061A9,51000,WHS-IN-00005,PHARM-IN-00035,2025-09-14T16:02:16Z,delivered
SHIP-69BD0A,BATCH-2025-0061A9,51000,WHS-IN-00005,PHARM-IN-00054,2025-09-14T16:02:16Z,delivered
SHIP-9DE534,BATCH-2025-7EB7AE,189000,MFG-IN-00009,DIST-IN-00012,2025-04-22T00:56:28Z,delivered
SHIP-2E6281,BATCH-2025-7EB7AE,189000,DIST-IN-00012,WHS-IN-00024,2025-04-26T02:56:28Z,delivered
SHIP-D71B18,BATCH-2025-7EB7AE,94500,WHS-IN-00024,PHARM-IN-00052,2025-05-03T03:56:28Z,delivered
SHIP-84D589,BATCH-2025-7EB7AE,94500,WHS-IN-00024,PHARM-IN-00031,2025-05-02T03:56:28Z,delivered
SHIP-760F14,BATCH-2025-7EB7AE,189000,MFG-IN-00009,DIST-IN-00015,2025-04-21T20:56:28Z,delivered
SHIP-592814,BATCH-2025-7EB7AE,189000,DIST-IN-00015,WHS-IN-00014,2025-04-29T04:56:28Z,delivered
SHIP-96E367,BATCH-2025-7EB7AE,94500,WHS-IN-00014,PHARM-IN-00034,2025-05-01T11:56:28Z,delivered
SHIP-9CE843,BATCH-2025-7EB7AE,94500,WHS-IN-00014,PHARM-IN-00008,2025-05-03T11:56:28Z,delivered
SHIP-F3C0CA,BATCH-2026-7DDDB4,340000,MFG-IN-00013,DIST-IN-00022,2026-08-04T10:53:28Z,delivered
SHIP-A0D436,BATCH-2026-7DDDB4,340000,DIST-IN-00022,WHS-IN-00021,2026-08-09T20:53:28Z,delivered
SHIP-A22311,BATCH-2026-7DDDB4,170000,WHS-IN-00021,PHARM-IN-00050,2026-08-13T00:53:28Z,delivered
SHIP-DF32DC,BATCH-2026-7DDDB4,170000,WHS-IN-00021,PHARM-IN-00029,2026-08-15T00:53:28Z,delivered
SHIP-A32318,BATCH-2025-F31A47,217000,MFG-IN-00001,DIST-IN-00012,2025-10-03T08:56:55Z,delivered
SHIP-E18BD7,BATCH-2025-F31A47,217000,DIST-IN-00012,WHS-IN-00016,2025-10-08T10:56:55Z,delivered
SHIP-360CA7,BATCH-2025-F31A47,108500,WHS-IN-00016,PHARM-IN-00004,2025-10-10T14:56:55Z,delivered
SHIP-EF1112,BATCH-2025-F31A47,108500,WHS-IN-00016,PHARM-IN-00009,2025-10-10T14:56:55Z,delivered
SHIP-77FC7F,BATCH-2026-0E6700,227000,MFG-IN-00010,DIST-IN-00006,2026-02-20T03:12:53Z,delivered
SHIP-C31D2F,BATCH-2026-0E6700,227000,DIST-IN-00006,WHS-IN-00020,2026-02-27T12:12:53Z,delivered
SHIP-C753F1,BATCH-2026-0E6700,75666,WHS-IN-00020,PHARM-IN-00049,2026-03-03T23:12:53Z,delivered
SHIP-E53C94,BATCH-2026-0E6700,75667,WHS-IN-00020,PHARM-IN-00030,2026-03-02T23:12:53Z,delivered
SHIP-207EF0,BATCH-2026-0E6700,75667,WHS-IN-00020,PHARM-IN-00037,2026-03-05T23:12:53Z,delivered
SHIP-3BC272,BATCH-2025-55257B,64000,MFG-IN-00008,DIST-IN-00020,2025-10-11T04:52:00Z,delivered
SHIP-E478AE,BATCH-2025-55257B,64000,DIST-IN-00020,WHS-IN-00021,2025-10-17T15:52:00Z,delivered
SHIP-9F9D7A,BATCH-2025-55257B,32000,WHS-IN-00021,PHARM-IN-00023,2025-10-25T15:52:00Z,delivered
SHIP-6B9ECA,BATCH-2025-55257B,32000,WHS-IN-00021,PHARM-IN-00031,2025-10-26T15:52:00Z,delivered
SHIP-A23C84,BATCH-2025-55257B,64000,MFG-IN-00008,DIST-IN-00009,2025-10-11T04:52:00Z,delivered
SHIP-D9DC82,BATCH-2025-55257B,64000,DIST-IN-00009,WHS-IN-00020,2025-10-17T09:52:00Z,delivered
SHIP-FE9F79,BATCH-2025-55257B,64000,WHS-IN-00020,PHARM-IN-00016,2025-10-26T15:52:00Z,delivered
SHIP-36958D,BATCH-2026-95E090,108000,MFG-IN-00006,DIST-IN-00007,2026-04-09T08:13:41Z,delivered
SHIP-B52CA8,BATCH-2026-95E090,108000,DIST-IN-00007,WHS-IN-00035,2026-04-19T17:13:41Z,delivered
SHIP-35093F,BATCH-2026-95E090,54000,WHS-IN-00035,PHARM-IN-00046,2026-04-25T19:13:41Z,delivered
SHIP-181573,BATCH-2026-95E090,54000,WHS-IN-00035,PHARM-IN-00037,2026-04-24T19:13:41Z,delivered
SHIP-B195F1,BATCH-2025-ED5203,161000,MFG-IN-00005,DIST-IN-00013,2025-05-02T15:56:32Z,delivered
SHIP-C8012B,BATCH-2025-ED5203,161000,DIST-IN-00013,WHS-IN-00021,2025-05-08T01:56:32Z,delivered
SHIP-5EC2A6,BATCH-2025-ED5203,53666,WHS-IN-00021,PHARM-IN-00057,2025-05-10T02:56:32Z,delivered
SHIP-985151,BATCH-2025-ED5203,53667,WHS-IN-00021,PHARM-IN-00038,2025-05-13T02:56:32Z,delivered
SHIP-1096EB,BATCH-2025-ED5203,53667,WHS-IN-00021,PHARM-IN-00058,2025-05-11T02:56:32Z,delivered
SHIP-177030,BATCH-2026-C6A9EC,150000,MFG-IN-00005,DIST-IN-00022,2026-04-05T23:59:59Z,delivered
SHIP-D55BA5,BATCH-2026-C6A9EC,150000,DIST-IN-00022,WHS-IN-00033,2026-04-13T00:59:59Z,delivered
SHIP-32315E,BATCH-2026-C6A9EC,150000,WHS-IN-00033,PHARM-IN-00036,2026-04-16T04:59:59Z,delivered
SHIP-6441D8,BATCH-2026-618277,336000,MFG-IN-00009,DIST-IN-00010,2026-08-08T07:48:08Z,delivered
SHIP-94AF06,BATCH-2026-618277,336000,DIST-IN-00010,WHS-IN-00021,2026-08-18T18:48:08Z,delivered
SHIP-9AAE93,BATCH-2026-618277,168000,WHS-IN-00021,PHARM-IN-00014,2026-08-25T00:48:08Z,delivered
SHIP-53FEF9,BATCH-2026-618277,168000,WHS-IN-00021,PHARM-IN-00043,2026-08-28T00:48:08Z,delivered
SHIP-2CB9BD,BATCH-2026-480286,235000,MFG-IN-00001,DIST-IN-00022,2026-02-12T22:11:35Z,delivered
SHIP-1168F3,BATCH-2026-480286,235000,DIST-IN-00022,WHS-IN-00010,2026-02-19T23:11:35Z,delivered
SHIP-A42018,BATCH-2026-480286,78333,WHS-IN-00010,PHARM-IN-00009,2026-02-28T09:11:35Z,delivered
SHIP-1F56A4,BATCH-2026-480286,78333,WHS-IN-00010,PHARM-IN-00006,2026-03-01T09:11:35Z,delivered
SHIP-F7BF3D,BATCH-2026-480286,78334,WHS-IN-00010,PHARM-IN-00042,2026-03-01T09:11:35Z,delivered
SHIP-E27F38,BATCH-2026-EE925D,430000,MFG-IN-00001,DIST-IN-00014,2026-02-22T01:31:03Z,delivered
SHIP-9B7FEA,BATCH-2026-EE925D,430000,DIST-IN-00014,WHS-IN-00033,2026-03-01T12:31:03Z,delivered
SHIP-FAE440,BATCH-2026-EE925D,430000,WHS-IN-00033,PHARM-IN-00003,2026-03-10T20:31:03Z,delivered
SHIP-46A313,BATCH-2025-69598B,425000,MFG-IN-00002,DIST-IN-00016,2025-06-10T05:23:47Z,delivered
SHIP-B0329B,BATCH-2025-69598B,425000,DIST-IN-00016,WHS-IN-00034,2025-06-18T12:23:47Z,delivered
SHIP-4EE444,BATCH-2025-69598B,212500,WHS-IN-00034,PHARM-IN-00043,2025-06-24T15:23:47Z,delivered
SHIP-443D77,BATCH-2025-69598B,212500,WHS-IN-00034,PHARM-IN-00005,2025-06-22T15:23:47Z,delivered
SHIP-B873A3,BATCH-2026-0E7496,320000,MFG-IN-00004,DIST-IN-00016,2026-04-27T09:14:07Z,delivered
SHIP-0FF0EE,BATCH-2026-0E7496,320000,DIST-IN-00016,WHS-IN-00019,2026-05-03T15:14:07Z,delivered
SHIP-2BF3EB,BATCH-2026-0E7496,160000,WHS-IN-00019,PHARM-IN-00037,2026-05-06T15:14:07Z,delivered
SHIP-97CDBF,BATCH-2026-0E7496,160000,WHS-IN-00019,PHARM-IN-00017,2026-05-10T15:14:07Z,delivered
SHIP-38E354,BATCH-2026-4B5F8B,225000,MFG-IN-00007,DIST-IN-00020,2026-01-25T03:55:03Z,delivered
SHIP-6069F0,BATCH-2026-4B5F8B,225000,DIST-IN-00020,WHS-IN-00018,2026-01-29T05:55:03Z,delivered
SHIP-D9FC32,BATCH-2026-4B5F8B,225000,WHS-IN-00018,PHARM-IN-00017,2026-02-01T14:55:03Z,delivered
SHIP-C94944,BATCH-2026-4B5F8B,225000,MFG-IN-00007,DIST-IN-00001,2026-01-25T09:55:03Z,delivered
SHIP-5A51D2,BATCH-2026-4B5F8B,225000,DIST-IN-00001,WHS-IN-00024,2026-01-29T19:55:03Z,delivered
SHIP-BCA229,BATCH-2026-4B5F8B,112500,WHS-IN-00024,PHARM-IN-00052,2026-02-03T07:55:03Z,delivered
SHIP-B6F9B4,BATCH-2026-4B5F8B,112500,WHS-IN-00024,PHARM-IN-00034,2026-02-07T07:55:03Z,delivered
SHIP-53B0AD,BATCH-2026-DB8A85,247500,MFG-IN-00010,DIST-IN-00008,2026-06-05T10:20:37Z,delivered
SHIP-F6475A,BATCH-2026-DB8A85,247500,DIST-IN-00008,WHS-IN-00004,2026-06-13T13:20:37Z,delivered
SHIP-D23736,BATCH-2026-DB8A85,247500,WHS-IN-00004,PHARM-IN-00030,2026-06-21T01:20:37Z,delivered
SHIP-C89581,BATCH-2026-DB8A85,247500,MFG-IN-00010,DIST-IN-00022,2026-06-05T11:20:37Z,delivered
SHIP-DD21E4,BATCH-2026-DB8A85,247500,DIST-IN-00022,WHS-IN-00031,2026-06-10T17:20:37Z,delivered
SHIP-987052,BATCH-2026-DB8A85,247500,WHS-IN-00031,PHARM-IN-00060,2026-06-17T01:20:37Z,delivered
SHIP-2EFC44,BATCH-2025-DF6C9E,49000,MFG-IN-00005,DIST-IN-00022,2025-06-15T09:45:23Z,delivered
SHIP-637E20,BATCH-2025-DF6C9E,49000,DIST-IN-00022,WHS-IN-00022,2025-06-21T15:45:23Z,delivered
SHIP-973214,BATCH-2025-DF6C9E,49000,WHS-IN-00022,PHARM-IN-00038,2025-06-29T03:45:23Z,delivered
SHIP-A2576C,BATCH-2025-DF6C9E,49000,MFG-IN-00005,DIST-IN-00002,2025-06-15T21:45:23Z,delivered
SHIP-77C075,BATCH-2025-DF6C9E,49000,DIST-IN-00002,WHS-IN-00012,2025-06-21T05:45:23Z,delivered
SHIP-9647DD,BATCH-2025-DF6C9E,16333,WHS-IN-00012,PHARM-IN-00001,2025-06-27T15:45:23Z,delivered
SHIP-F9DF35,BATCH-2025-DF6C9E,16333,WHS-IN-00012,PHARM-IN-00027,2025-06-25T15:45:23Z,delivered
SHIP-782B6A,BATCH-2025-DF6C9E,16334,WHS-IN-00012,PHARM-IN-00007,2025-06-25T15:45:23Z,delivered
SHIP-A78690,BATCH-2026-C48305,79500,MFG-IN-00007,DIST-IN-00002,2026-08-04T00:48:33Z,delivered
SHIP-9A7EC7,BATCH-2026-C48305,79500,DIST-IN-00002,WHS-IN-00006,2026-08-10T11:48:33Z,delivered
SHIP-AA4E60,BATCH-2026-C48305,26500,WHS-IN-00006,PHARM-IN-00045,2026-08-15T17:48:33Z,delivered
SHIP-00952F,BATCH-2026-C48305,26500,WHS-IN-00006,PHARM-IN-00012,2026-08-16T17:48:33Z,delivered
SHIP-C55A65,BATCH-2026-C48305,26500,WHS-IN-00006,PHARM-IN-00017,2026-08-15T17:48:33Z,delivered
SHIP-CEFF1D,BATCH-2026-C48305,79500,MFG-IN-00007,DIST-IN-00020,2026-08-03T03:48:33Z,delivered
SHIP-078C57,BATCH-2026-C48305,79500,DIST-IN-00020,WHS-IN-00022,2026-08-05T09:48:33Z,delivered
SHIP-1B41A9,BATCH-2026-C48305,39750,WHS-IN-00022,PHARM-IN-00032,2026-08-10T13:48:33Z,delivered
SHIP-4F2ED0,BATCH-2026-C48305,39750,WHS-IN-00022,PHARM-IN-00060,2026-08-09T13:48:33Z,delivered
SHIP-E3289A,BATCH-2026-0954DA,361000,MFG-IN-00012,DIST-IN-00021,2026-01-31T19:45:26Z,delivered
SHIP-B455D9,BATCH-2026-0954DA,361000,DIST-IN-00021,WHS-IN-00005,2026-02-04T20:45:26Z,delivered
SHIP-E43A32,BATCH-2026-0954DA,361000,WHS-IN-00005,PHARM-IN-00032,2026-02-10T08:45:26Z,delivered
SHIP-64D2BA,BATCH-2026-2BE76F,288000,MFG-IN-00013,DIST-IN-00023,2026-01-11T06:09:53Z,delivered
SHIP-7FCFA3,BATCH-2026-2BE76F,288000,DIST-IN-00023,WHS-IN-00031,2026-01-16T14:09:53Z,delivered
SHIP-70A95B,BATCH-2026-2BE76F,144000,WHS-IN-00031,PHARM-IN-00001,2026-01-25T01:09:53Z,delivered
SHIP-263624,BATCH-2026-2BE76F,144000,WHS-IN-00031,PHARM-IN-00025,2026-01-24T01:09:53Z,delivered
SHIP-F5BFE9,BATCH-2025-32E22B,20000,MFG-IN-00015,DIST-IN-00021,2025-06-05T21:28:35Z,delivered
SHIP-A5DD2E,BATCH-2025-32E22B,20000,DIST-IN-00021,WHS-IN-00019,2025-06-14T22:28:35Z,delivered
SHIP-3F0F41,BATCH-2025-32E22B,6666,WHS-IN-00019,PHARM-IN-00043,2025-06-21T00:28:35Z,delivered
SHIP-559A67,BATCH-2025-32E22B,6667,WHS-IN-00019,PHARM-IN-00013,2025-06-21T00:28:35Z,delivered
SHIP-E6438C,BATCH-2025-32E22B,6667,WHS-IN-00019,PHARM-IN-00020,2025-06-19T00:28:35Z,delivered
SHIP-71C098,BATCH-2025-32E22B,20000,MFG-IN-00015,DIST-IN-00003,2025-06-04T12:28:35Z,delivered
SHIP-07099E,BATCH-2025-32E22B,20000,DIST-IN-00003,WHS-IN-00005,2025-06-11T19:28:35Z,delivered
SHIP-0C72F6,BATCH-2025-32E22B,6666,WHS-IN-00005,PHARM-IN-00002,2025-06-16T02:28:35Z,delivered
SHIP-4B1116,BATCH-2025-32E22B,6667,WHS-IN-00005,PHARM-IN-00003,2025-06-19T02:28:35Z,delivered
SHIP-4346E8,BATCH-2025-32E22B,6667,WHS-IN-00005,PHARM-IN-00022,2025-06-20T02:28:35Z,delivered
SHIP-2B961D,BATCH-2026-810079,124500,MFG-IN-00010,DIST-IN-00002,2026-01-21T09:24:49Z,delivered
SHIP-47714A,BATCH-2026-810079,124500,DIST-IN-00002,WHS-IN-00016,2026-01-28T16:24:49Z,delivered
SHIP-745332,BATCH-2026-810079,62250,WHS-IN-00016,PHARM-IN-00058,2026-01-31T16:24:49Z,delivered
SHIP-239DAB,BATCH-2026-810079,62250,WHS-IN-00016,PHARM-IN-00020,2026-02-04T16:24:49Z,delivered
SHIP-FB2061,BATCH-2026-810079,124500,MFG-IN-00010,DIST-IN-00024,2026-01-21T09:24:49Z,delivered
SHIP-47C893,BATCH-2026-810079,124500,DIST-IN-00024,WHS-IN-00028,2026-01-26T10:24:49Z,delivered
SHIP-0F14F4,BATCH-2026-810079,41500,WHS-IN-00028,PHARM-IN-00037,2026-02-02T15:24:49Z,delivered
SHIP-3B06D1,BATCH-2026-810079,41500,WHS-IN-00028,PHARM-IN-00035,2026-02-04T15:24:49Z,delivered
SHIP-258E85,BATCH-2026-810079,41500,WHS-IN-00028,PHARM-IN-00009,2026-01-31T15:24:49Z,delivered
SHIP-BC5CA3,BATCH-2026-0ECCAE,316000,MFG-IN-00005,DIST-IN-00012,2026-01-22T10:25:00Z,delivered
SHIP-A91D3B,BATCH-2026-0ECCAE,316000,DIST-IN-00012,WHS-IN-00009,2026-01-27T13:25:00Z,delivered
SHIP-3B65DE,BATCH-2026-0ECCAE,316000,WHS-IN-00009,PHARM-IN-00032,2026-02-02T01:25:00Z,delivered
SHIP-8F1698,BATCH-2026-FC4C9C,11500,MFG-IN-00012,DIST-IN-00023,2026-05-31T16:02:16Z,delivered
SHIP-15ECAA,BATCH-2026-FC4C9C,11500,DIST-IN-00023,WHS-IN-00009,2026-06-07T03:02:16Z,delivered
SHIP-17E505,BATCH-2026-FC4C9C,5750,WHS-IN-00009,PHARM-IN-00027,2026-06-11T13:02:16Z,delivered
SHIP-491CF4,BATCH-2026-FC4C9C,5750,WHS-IN-00009,PHARM-IN-00016,2026-06-13T13:02:16Z,delivered
SHIP-4DE95F,BATCH-2026-FC4C9C,11500,MFG-IN-00012,DIST-IN-00021,2026-05-31T20:02:16Z,delivered
SHIP-5CBE26,BATCH-2026-FC4C9C,11500,DIST-IN-00021,WHS-IN-00013,2026-06-05T20:02:16Z,delivered
SHIP-C7C5ED,BATCH-2026-FC4C9C,3833,WHS-IN-00013,PHARM-IN-00035,2026-06-11T05:02:16Z,delivered
SHIP-9F85B1,BATCH-2026-FC4C9C,3833,WHS-IN-00013,PHARM-IN-00033,2026-06-09T05:02:16Z,delivered
SHIP-F52980,BATCH-2026-FC4C9C,3834,WHS-IN-00013,PHARM-IN-00015,2026-06-11T05:02:16Z,delivered
SHIP-8126C4,BATCH-2026-DECA22,152500,MFG-IN-00011,DIST-IN-00002,2026-07-21T22:14:13Z,delivered
SHIP-AEEA5D,BATCH-2026-DECA22,152500,DIST-IN-00002,WHS-IN-00022,2026-07-29T04:14:13Z,delivered
SHIP-4B9AE3,BATCH-2026-DECA22,76250,WHS-IN-00022,PHARM-IN-00060,2026-08-04T04:14:13Z,delivered
SHIP-82680A,BATCH-2026-DECA22,76250,WHS-IN-00022,PHARM-IN-00035,2026-08-06T04:14:13Z,delivered
SHIP-FD3995,BATCH-2026-DECA22,152500,MFG-IN-00011,DIST-IN-00021,2026-07-23T02:14:13Z,delivered
SHIP-E2A0EC,BATCH-2026-DECA22,152500,DIST-IN-00021,WHS-IN-00027,2026-07-29T11:14:13Z,delivered
SHIP-21F228,BATCH-2026-DECA22,152500,WHS-IN-00027,PHARM-IN-00007,2026-08-03T14:14:13Z,delivered
SHIP-5E9139,BATCH-2026-1F9325,239500,MFG-IN-00003,DIST-IN-00003,2026-03-27T09:11:13Z,delivered
SHIP-2D1EAA,BATCH-2026-1F9325,239500,DIST-IN-00003,WHS-IN-00014,2026-04-02T15:11:13Z,delivered
SHIP-D1FBD7,BATCH-2026-1F9325,239500,WHS-IN-00014,PHARM-IN-00030,2026-04-08T17:11:13Z,delivered
SHIP-CA4DC3,BATCH-2026-1F9325,239500,MFG-IN-00003,DIST-IN-00016,2026-03-26T23:11:13Z,delivered
SHIP-022EE3,BATCH-2026-1F9325,239500,DIST-IN-00016,WHS-IN-00018,2026-03-30T23:11:13Z,delivered
SHIP-FC6C77,BATCH-2026-1F9325,119750,WHS-IN-00018,PHARM-IN-00049,2026-04-03T06:11:13Z,delivered
SHIP-E21251,BATCH-2026-1F9325,119750,WHS-IN-00018,PHARM-IN-00022,2026-04-06T06:11:13Z,delivered
SHIP-6BD29B,BATCH-2026-241C41,56000,MFG-IN-00010,DIST-IN-00017,2026-06-23T14:14:41Z,delivered
SHIP-CBC954,BATCH-2026-241C41,56000,DIST-IN-00017,WHS-IN-00001,2026-07-03T21:14:41Z,delivered
SHIP-C1B6F1,BATCH-2026-241C41,56000,WHS-IN-00001,PHARM-IN-00028,2026-07-13T08:14:41Z,delivered
SHIP-32C7CB,BATCH-2026-DBABB1,224500,MFG-IN-00006,DIST-IN-00001,2026-07-17T14:11:38Z,delivered
SHIP-88F562,BATCH-2026-DBABB1,224500,DIST-IN-00001,WHS-IN-00028,2026-07-27T01:11:38Z,delivered
SHIP-F5052E,BATCH-2026-DBABB1,112250,WHS-IN-00028,PHARM-IN-00016,2026-08-05T08:11:38Z,delivered
SHIP-3C5B64,BATCH-2026-DBABB1,112250,WHS-IN-00028,PHARM-IN-00006,2026-08-02T08:11:38Z,delivered
SHIP-F6F536,BATCH-2026-DBABB1,224500,MFG-IN-00006,DIST-IN-00014,2026-07-18T03:11:38Z,delivered
SHIP-2EA7DD,BATCH-2026-DBABB1,224500,DIST-IN-00014,WHS-IN-00020,2026-07-21T03:11:38Z,delivered
SHIP-A3E534,BATCH-2026-DBABB1,74833,WHS-IN-00020,PHARM-IN-00030,2026-07-29T12:11:38Z,delivered
SHIP-2F0322,BATCH-2026-DBABB1,74833,WHS-IN-00020,PHARM-IN-00050,2026-07-29T12:11:38Z,delivered
SHIP-FF4C8C,BATCH-2026-DBABB1,74834,WHS-IN-00020,PHARM-IN-00009,2026-07-29T12:11:38Z,delivered
SHIP-4C3611,BATCH-2025-FD22B1,426000,MFG-IN-00012,DIST-IN-00025,2025-09-27T16:46:08Z,delivered
SHIP-6423F8,BATCH-2025-FD22B1,426000,DIST-IN-00025,WHS-IN-00022,2025-10-06T04:46:08Z,delivered
SHIP-FAAB44,BATCH-2025-FD22B1,142000,WHS-IN-00022,PHARM-IN-00008,2025-10-11T12:46:08Z,delivered
SHIP-184DAF,BATCH-2025-FD22B1,142000,WHS-IN-00022,PHARM-IN-00025,2025-10-09T12:46:08Z,delivered
SHIP-371129,BATCH-2025-FD22B1,142000,WHS-IN-00022,PHARM-IN-00024,2025-10-09T12:46:08Z,delivered
SHIP-1F8A04,BATCH-2025-0DF923,202500,MFG-IN-00006,DIST-IN-00024,2025-10-26T22:15:36Z,delivered
SHIP-F540DF,BATCH-2025-0DF923,202500,DIST-IN-00024,WHS-IN-00021,2025-11-01T10:15:36Z,delivered
SHIP-CF761A,BATCH-2025-0DF923,202500,WHS-IN-00021,PHARM-IN-00005,2025-11-07T18:15:36Z,delivered
SHIP-3F3FBB,BATCH-2025-0DF923,202500,MFG-IN-00006,DIST-IN-00025,2025-10-26T10:15:36Z,delivered
SHIP-DD1AE1,BATCH-2025-0DF923,202500,DIST-IN-00025,WHS-IN-00029,2025-11-01T17:15:36Z,delivered
SHIP-AF9122,BATCH-2025-0DF923,202500,WHS-IN-00029,PHARM-IN-00057,2025-11-09T05:15:36Z,delivered
SHIP-28782B,BATCH-2026-578222,110500,MFG-IN-00014,DIST-IN-00010,2026-07-08T05:40:41Z,delivered
SHIP-3E1E14,BATCH-2026-578222,110500,DIST-IN-00010,WHS-IN-00032,2026-07-13T06:40:41Z,delivered
SHIP-414B5A,BATCH-2026-578222,110500,WHS-IN-00032,PHARM-IN-00044,2026-07-20T14:40:41Z,delivered
SHIP-8FF959,BATCH-2026-578222,110500,MFG-IN-00014,DIST-IN-00003,2026-07-08T21:40:41Z,delivered
SHIP-3EBC78,BATCH-2026-578222,110500,DIST-IN-00003,WHS-IN-00019,2026-07-15T08:40:41Z,delivered
SHIP-BF660E,BATCH-2026-578222,36833,WHS-IN-00019,PHARM-IN-00034,2026-07-20T08:40:41Z,delivered
SHIP-73CE71,BATCH-2026-578222,36833,WHS-IN-00019,PHARM-IN-00042,2026-07-20T08:40:41Z,delivered
SHIP-3072B3,BATCH-2026-578222,36834,WHS-IN-00019,PHARM-IN-00022,2026-07-21T08:40:41Z,delivered
SHIP-623DE6,BATCH-2026-0D1E41,399000,MFG-IN-00006,DIST-IN-00009,2026-06-15T00:27:50Z,delivered
SHIP-0B6F07,BATCH-2026-0D1E41,399000,DIST-IN-00009,WHS-IN-00010,2026-06-21T04:27:50Z,delivered
SHIP-7AA46B,BATCH-2026-0D1E41,199500,WHS-IN-00010,PHARM-IN-00011,2026-06-29T11:27:50Z,delivered
SHIP-5F7C0E,BATCH-2026-0D1E41,199500,WHS-IN-00010,PHARM-IN-00046,2026-06-26T11:27:50Z,delivered
SHIP-980D8E,BATCH-2025-55BC0F,460000,MFG-IN-00009,DIST-IN-00011,2025-09-28T01:15:08Z,delivered
SHIP-53BFEE,BATCH-2025-55BC0F,460000,DIST-IN-00011,WHS-IN-00012,2025-10-04T05:15:08Z,delivered
SHIP-E4BAD7,BATCH-2025-55BC0F,153333,WHS-IN-00012,PHARM-IN-00010,2025-10-10T15:15:08Z,delivered
SHIP-8BCBCE,BATCH-2025-55BC0F,153333,WHS-IN-00012,PHARM-IN-00024,2025-10-06T15:15:08Z,delivered
SHIP-36B47B,BATCH-2025-55BC0F,153334,WHS-IN-00012,PHARM-IN-00029,2025-10-07T15:15:08Z,delivered
SHIP-ADF96E,BATCH-2025-4EB641,292000,MFG-IN-00011,DIST-IN-00024,2025-06-20T08:22:58Z,delivered
SHIP-B80FDB,BATCH-2025-4EB641,292000,DIST-IN-00024,WHS-IN-00031,2025-06-26T18:22:58Z,delivered
SHIP-247242,BATCH-2025-4EB641,292000,WHS-IN-00031,PHARM-IN-00008,2025-07-03T06:22:58Z,delivered
SHIP-A99A4F,BATCH-2025-D2B5EC,494000,MFG-IN-00002,DIST-IN-00013,2025-05-15T17:04:06Z,delivered
SHIP-B8014E,BATCH-2025-D2B5EC,494000,DIST-IN-00013,WHS-IN-00021,2025-05-20T22:04:06Z,delivered
SHIP-0D1BEC,BATCH-2025-D2B5EC,247000,WHS-IN-00021,PHARM-IN-00050,2025-05-25T07:04:06Z,delivered
SHIP-DCE6A9,BATCH-2025-D2B5EC,247000,WHS-IN-00021,PHARM-IN-00018,2025-05-24T07:04:06Z,delivered
SHIP-ED30EF,BATCH-2025-5D4D1B,222000,MFG-IN-00003,DIST-IN-00020,2025-09-30T19:41:37Z,delivered
SHIP-43654D,BATCH-2025-5D4D1B,222000,DIST-IN-00020,WHS-IN-00028,2025-10-07T01:41:37Z,delivered
SHIP-E6CDAF,BATCH-2025-5D4D1B,222000,WHS-IN-00028,PHARM-IN-00023,2025-10-14T06:41:37Z,delivered
SHIP-05C169,BATCH-2026-544B9B,206000,MFG-IN-00004,DIST-IN-00015,2026-04-20T08:19:33Z,delivered
SHIP-421E29,BATCH-2026-544B9B,206000,DIST-IN-00015,WHS-IN-00027,2026-04-25T10:19:33Z,delivered
SHIP-215BC8,BATCH-2026-544B9B,206000,WHS-IN-00027,PHARM-IN-00056,2026-05-01T12:19:33Z,delivered
SHIP-1225FD,BATCH-2025-530755,405000,MFG-IN-00009,DIST-IN-00014,2025-04-10T07:21:15Z,delivered
SHIP-5F11D2,BATCH-2025-530755,405000,DIST-IN-00014,WHS-IN-00009,2025-04-14T15:21:15Z,delivered
SHIP-74541A,BATCH-2025-530755,202500,WHS-IN-00009,PHARM-IN-00003,2025-04-19T21:21:15Z,delivered
SHIP-D4EDE0,BATCH-2025-530755,202500,WHS-IN-00009,PHARM-IN-00053,2025-04-18T21:21:15Z,delivered
SHIP-CD2B23,BATCH-2025-E9051D,381000,MFG-IN-00013,DIST-IN-00010,2025-02-17T06:49:11Z,delivered
SHIP-1C703B,BATCH-2025-E9051D,381000,DIST-IN-00010,WHS-IN-00032,2025-02-26T12:49:11Z,delivered
SHIP-8CCC04,BATCH-2025-E9051D,190500,WHS-IN-00032,PHARM-IN-00032,2025-03-05T12:49:11Z,delivered
SHIP-14AA28,BATCH-2025-E9051D,190500,WHS-IN-00032,PHARM-IN-00005,2025-03-05T12:49:11Z,delivered
SHIP-7E6FAF,BATCH-2025-699935,142500,MFG-IN-00010,DIST-IN-00004,2025-06-13T08:01:09Z,delivered
SHIP-00D2BA,BATCH-2025-699935,142500,DIST-IN-00004,WHS-IN-00004,2025-06-16T12:01:09Z,delivered
SHIP-02DF0C,BATCH-2025-699935,142500,WHS-IN-00004,PHARM-IN-00004,2025-06-22T19:01:09Z,delivered
SHIP-E92EFF,BATCH-2025-699935,142500,MFG-IN-00010,DIST-IN-00012,2025-06-11T13:01:09Z,delivered
SHIP-5AD9C3,BATCH-2025-699935,142500,DIST-IN-00012,WHS-IN-00033,2025-06-16T17:01:09Z,delivered
SHIP-619FD4,BATCH-2025-699935,71250,WHS-IN-00033,PHARM-IN-00011,2025-06-22T05:01:09Z,delivered
SHIP-73808A,BATCH-2025-699935,71250,WHS-IN-00033,PHARM-IN-00035,2025-06-22T05:01:09Z,delivered
SHIP-E2D408,BATCH-2026-60B58D,227500,MFG-IN-00009,DIST-IN-00001,2026-02-05T10:14:19Z,delivered
SHIP-DA9677,BATCH-2026-60B58D,227500,DIST-IN-00001,WHS-IN-00027,2026-02-11T22:14:19Z,delivered
SHIP-528442,BATCH-2026-60B58D,227500,WHS-IN-00027,PHARM-IN-00015,2026-02-15T23:14:19Z,delivered
SHIP-A10D1D,BATCH-2026-60B58D,227500,MFG-IN-00009,DIST-IN-00005,2026-02-04T20:14:19Z,delivered
SHIP-97ECCB,BATCH-2026-60B58D,227500,DIST-IN-00005,WHS-IN-00031,2026-02-08T22:14:19Z,delivered
SHIP-2D2A1A,BATCH-2026-60B58D,227500,WHS-IN-00031,PHARM-IN-00029,2026-02-17T09:14:19Z,delivered
SHIP-8F8EFD,BATCH-2025-F64395,32000,MFG-IN-00004,DIST-IN-00004,2025-08-13T17:55:10Z,delivered
SHIP-8567E2,BATCH-2025-F64395,32000,DIST-IN-00004,WHS-IN-00020,2025-08-18T04:55:10Z,delivered
SHIP-E363AA,BATCH-2025-F64395,16000,WHS-IN-00020,PHARM-IN-00049,2025-08-21T06:55:10Z,delivered
SHIP-179A81,BATCH-2025-F64395,16000,WHS-IN-00020,PHARM-IN-00051,2025-08-24T06:55:10Z,delivered
SHIP-8F8C28,BATCH-2025-463C8D,263000,MFG-IN-00012,DIST-IN-00022,2025-12-14T10:01:46Z,delivered
SHIP-5C7400,BATCH-2025-463C8D,263000,DIST-IN-00022,WHS-IN-00017,2025-12-16T17:01:46Z,delivered
SHIP-BCD741,BATCH-2025-463C8D,131500,WHS-IN-00017,PHARM-IN-00051,2025-12-22T21:01:46Z,delivered
SHIP-74A672,BATCH-2025-463C8D,131500,WHS-IN-00017,PHARM-IN-00008,2025-12-19T21:01:46Z,delivered
SHIP-961DDB,BATCH-2025-44C927,61000,MFG-IN-00010,DIST-IN-00024,2025-05-04T11:55:54Z,delivered
SHIP-9D48EA,BATCH-2025-44C927,61000,DIST-IN-00024,WHS-IN-00033,2025-05-13T16:55:54Z,delivered
SHIP-28DF91,BATCH-2025-44C927,61000,WHS-IN-00033,PHARM-IN-00038,2025-05-17T00:55:54Z,delivered
SHIP-E3FF8D,BATCH-2025-2213F6,24000,MFG-IN-00001,DIST-IN-00006,2025-12-31T10:33:19Z,delivered
SHIP-033E64,BATCH-2025-2213F6,24000,DIST-IN-00006,WHS-IN-00024,2026-01-07T13:33:19Z,delivered
SHIP-B036BC,BATCH-2025-2213F6,24000,WHS-IN-00024,PHARM-IN-00023,2026-01-13T20:33:19Z,delivered
SHIP-E2BF34,BATCH-2025-2213F6,24000,MFG-IN-00001,DIST-IN-00025,2026-01-01T12:33:19Z,delivered
SHIP-37D5E3,BATCH-2025-2213F6,24000,DIST-IN-00025,WHS-IN-00008,2026-01-07T00:33:19Z,delivered
SHIP-AEE8B8,BATCH-2025-2213F6,12000,WHS-IN-00008,PHARM-IN-00024,2026-01-11T08:33:19Z,delivered
SHIP-2B3E13,BATCH-2025-2213F6,12000,WHS-IN-00008,PHARM-IN-00046,2026-01-12T08:33:19Z,delivered
SHIP-B31541,BATCH-2026-20DDB0,342000,MFG-IN-00005,DIST-IN-00024,2026-06-14T21:23:50Z,delivered
SHIP-629E33,BATCH-2026-20DDB0,342000,DIST-IN-00024,WHS-IN-00019,2026-06-23T00:23:50Z,delivered
SHIP-BEDBA2,BATCH-2026-20DDB0,114000,WHS-IN-00019,PHARM-IN-00024,2026-06-29T01:23:50Z,delivered
SHIP-B3A8C3,BATCH-2026-20DDB0,114000,WHS-IN-00019,PHARM-IN-00012,2026-06-30T01:23:50Z,delivered
SHIP-99FE95,BATCH-2026-20DDB0,114000,WHS-IN-00019,PHARM-IN-00001,2026-06-29T01:23:50Z,delivered
SHIP-53F098,BATCH-2025-3F3990,228000,MFG-IN-00014,DIST-IN-00006,2025-10-18T10:59:30Z,delivered
SHIP-25C848,BATCH-2025-3F3990,228000,DIST-IN-00006,WHS-IN-00008,2025-10-23T13:59:30Z,delivered
SHIP-F8521B,BATCH-2025-3F3990,228000,WHS-IN-00008,PHARM-IN-00046,2025-11-02T00:59:30Z,delivered
SHIP-E5C43B,BATCH-2025-3F3990,228000,MFG-IN-00014,DIST-IN-00003,2025-10-18T20:59:30Z,delivered
SHIP-41FC43,BATCH-2025-3F3990,228000,DIST-IN-00003,WHS-IN-00032,2025-10-28T06:59:30Z,delivered
SHIP-571004,BATCH-2025-3F3990,228000,WHS-IN-00032,PHARM-IN-00017,2025-11-04T08:59:30Z,delivered
SHIP-911C35,BATCH-2026-E5BE38,126000,MFG-IN-00002,DIST-IN-00024,2026-06-17T09:41:38Z,delivered
SHIP-7384A8,BATCH-2026-E5BE38,126000,DIST-IN-00024,WHS-IN-00012,2026-06-25T19:41:38Z,delivered
SHIP-8176AF,BATCH-2026-E5BE38,63000,WHS-IN-00012,PHARM-IN-00007,2026-06-29T21:41:38Z,delivered
SHIP-127552,BATCH-2026-E5BE38,63000,WHS-IN-00012,PHARM-IN-00049,2026-06-30T21:41:38Z,delivered
SHIP-29D097,BATCH-2026-8706E3,365000,MFG-IN-00002,DIST-IN-00009,2026-01-27T11:46:03Z,delivered
SHIP-1A93D0,BATCH-2026-8706E3,365000,DIST-IN-00009,WHS-IN-00028,2026-01-29T23:46:03Z,delivered
SHIP-675EE0,BATCH-2026-8706E3,121666,WHS-IN-00028,PHARM-IN-00029,2026-02-04T06:46:03Z,delivered
SHIP-070B37,BATCH-2026-8706E3,121667,WHS-IN-00028,PHARM-IN-00030,2026-02-05T06:46:03Z,delivered
SHIP-284924,BATCH-2026-8706E3,121667,WHS-IN-00028,PHARM-IN-00003,2026-02-06T06:46:03Z,delivered
SHIP-AC8805,BATCH-2025-5180D6,193000,MFG-IN-00001,DIST-IN-00016,2025-04-02T09:08:17Z,delivered
SHIP-F4A801,BATCH-2025-5180D6,193000,DIST-IN-00016,WHS-IN-00033,2025-04-07T16:08:17Z,delivered
SHIP-BBC1B2,BATCH-2025-5180D6,96500,WHS-IN-00033,PHARM-IN-00025,2025-04-14T20:08:17Z,delivered
SHIP-72283F,BATCH-2025-5180D6,96500,WHS-IN-00033,PHARM-IN-00040,2025-04-12T20:08:17Z,delivered
SHIP-1BC77B,BATCH-2026-97D449,97000,MFG-IN-00004,DIST-IN-00024,2026-05-01T14:39:49Z,delivered
SHIP-B1100B,BATCH-2026-97D449,97000,DIST-IN-00024,WHS-IN-00028,2026-05-07T20:39:49Z,delivered
SHIP-74DFEB,BATCH-2026-97D449,97000,WHS-IN-00028,PHARM-IN-00016,2026-05-13T02:39:49Z,delivered
SHIP-3A2F44,BATCH-2026-B49919,264000,MFG-IN-00014,DIST-IN-00023,2026-06-09T03:14:18Z,delivered
SHIP-E2B9CA,BATCH-2026-B49919,264000,DIST-IN-00023,WHS-IN-00002,2026-06-15T08:14:18Z,delivered
SHIP-B5E398,BATCH-2026-B49919,132000,WHS-IN-00002,PHARM-IN-00028,2026-06-23T08:14:18Z,delivered
SHIP-271CB4,BATCH-2026-B49919,132000,WHS-IN-00002,PHARM-IN-00037,2026-06-22T08:14:18Z,delivered
SHIP-857D44,BATCH-2026-CA3379,351000,MFG-IN-00011,DIST-IN-00011,2026-02-08T05:00:54Z,delivered
SHIP-3ECD9B,BATCH-2026-CA3379,351000,DIST-IN-00011,WHS-IN-00022,2026-02-16T06:00:54Z,delivered
SHIP-C629E3,BATCH-2026-CA3379,351000,WHS-IN-00022,PHARM-IN-00028,2026-02-21T08:00:54Z,delivered
SHIP-084D92,BATCH-2026-E72DC6,23500,MFG-IN-00008,DIST-IN-00018,2026-07-25T23:34:56Z,delivered
SHIP-741840,BATCH-2026-E72DC6,23500,DIST-IN-00018,WHS-IN-00015,2026-08-01T03:34:56Z,delivered
SHIP-0BCEA1,BATCH-2026-E72DC6,11750,WHS-IN-00015,PHARM-IN-00018,2026-08-07T14:34:56Z,delivered
SHIP-A46972,BATCH-2026-E72DC6,11750,WHS-IN-00015,PHARM-IN-00005,2026-08-05T14:34:56Z,delivered
SHIP-202643,BATCH-2026-E72DC6,23500,MFG-IN-00008,DIST-IN-00007,2026-07-26T15:34:56Z,delivered
SHIP-1F355D,BATCH-2026-E72DC6,23500,DIST-IN-00007,WHS-IN-00013,2026-08-02T21:34:56Z,delivered
SHIP-46C58E,BATCH-2026-E72DC6,11750,WHS-IN-00013,PHARM-IN-00036,2026-08-08T01:34:56Z,delivered
SHIP-154B43,BATCH-2026-E72DC6,11750,WHS-IN-00013,PHARM-IN-00012,2026-08-09T01:34:56Z,delivered
SHIP-CA237E,BATCH-2026-7B7B7E,181500,MFG-IN-00010,DIST-IN-00024,2026-06-24T15:40:50Z,delivered
SHIP-CC3876,BATCH-2026-7B7B7E,181500,DIST-IN-00024,WHS-IN-00010,2026-06-28T20:40:50Z,delivered
SHIP-0FAA9B,BATCH-2026-7B7B7E,60500,WHS-IN-00010,PHARM-IN-00027,2026-07-02T07:40:50Z,delivered
SHIP-16C5F2,BATCH-2026-7B7B7E,60500,WHS-IN-00010,PHARM-IN-00021,2026-07-04T07:40:50Z,delivered
SHIP-806C0E,BATCH-2026-7B7B7E,60500,WHS-IN-00010,PHARM-IN-00056,2026-07-05T07:40:50Z,delivered
SHIP-FB48B8,BATCH-2026-7B7B7E,181500,MFG-IN-00010,DIST-IN-00021,2026-06-23T18:40:50Z,delivered
SHIP-A35C73,BATCH-2026-7B7B7E,181500,DIST-IN-00021,WHS-IN-00030,2026-06-28T21:40:50Z,delivered
SHIP-0B5939,BATCH-2026-7B7B7E,181500,WHS-IN-00030,PHARM-IN-00018,2026-07-05T03:40:50Z,delivered
SHIP-328152,BATCH-2025-47BE6B,32000,MFG-IN-00005,DIST-IN-00006,2025-12-09T17:12:06Z,delivered
SHIP-202DCE,BATCH-2025-47BE6B,32000,DIST-IN-00006,WHS-IN-00004,2025-12-15T05:12:06Z,delivered
SHIP-FAB909,BATCH-2025-47BE6B,10666,WHS-IN-00004,PHARM-IN-00058,2025-12-19T14:12:06Z,delivered
SHIP-A128BD,BATCH-2025-47BE6B,10667,WHS-IN-00004,PHARM-IN-00027,2025-12-20T14:12:06Z,delivered
SHIP-1E9C43,BATCH-2025-47BE6B,10667,WHS-IN-00004,PHARM-IN-00024,2025-12-23T14:12:06Z,delivered
SHIP-3C663F,BATCH-2025-47BE6B,32000,MFG-IN-00005,DIST-IN-00021,2025-12-08T10:12:06Z,delivered
SHIP-34C842,BATCH-2025-47BE6B,32000,DIST-IN-00021,WHS-IN-00022,2025-12-14T22:12:06Z,delivered
SHIP-059707,BATCH-2025-47BE6B,10666,WHS-IN-00022,PHARM-IN-00014,2025-12-21T10:12:06Z,delivered
SHIP-5C6C5C,BATCH-2025-47BE6B,10667,WHS-IN-00022,PHARM-IN-00010,2025-12-23T10:12:06Z,delivered
SHIP-BDFBA2,BATCH-2025-47BE6B,10667,WHS-IN-00022,PHARM-IN-00007,2025-12-23T10:12:06Z,delivered
SHIP-1B744E,BATCH-2026-AEDC79,21000,MFG-IN-00006,DIST-IN-00014,2026-08-13T22:30:24Z,delivered
SHIP-A94636,BATCH-2026-AEDC79,21000,DIST-IN-00014,WHS-IN-00024,2026-08-20T02:30:24Z,delivered
SHIP-80AC02,BATCH-2026-AEDC79,10500,WHS-IN-00024,PHARM-IN-00058,2026-08-24T06:30:24Z,delivered
SHIP-2950A9,BATCH-2026-AEDC79,10500,WHS-IN-00024,PHARM-IN-00039,2026-08-26T06:30:24Z,delivered
SHIP-DEF754,BATCH-2026-469801,218000,MFG-IN-00010,DIST-IN-00022,2026-06-02T15:14:10Z,delivered
SHIP-BE5B51,BATCH-2026-469801,218000,DIST-IN-00022,WHS-IN-00026,2026-06-09T21:14:10Z,delivered
SHIP-4C3DB6,BATCH-2026-469801,218000,WHS-IN-00026,PHARM-IN-00056,2026-06-14T22:14:10Z,delivered
SHIP-66640F,BATCH-2026-469801,218000,MFG-IN-00010,DIST-IN-00004,2026-06-03T17:14:10Z,delivered
SHIP-7990EB,BATCH-2026-469801,218000,DIST-IN-00004,WHS-IN-00018,2026-06-09T05:14:10Z,delivered
SHIP-69CDDD,BATCH-2026-469801,72666,WHS-IN-00018,PHARM-IN-00022,2026-06-14T12:14:10Z,delivered
SHIP-5BBCB0,BATCH-2026-469801,72667,WHS-IN-00018,PHARM-IN-00046,2026-06-18T12:14:10Z,delivered
SHIP-98E734,BATCH-2026-469801,72667,WHS-IN-00018,PHARM-IN-00028,2026-06-18T12:14:10Z,delivered
SHIP-5AAF55,BATCH-2025-2DACF8,163500,MFG-IN-00004,DIST-IN-00021,2025-08-05T19:32:25Z,delivered
SHIP-26AE5E,BATCH-2025-2DACF8,163500,DIST-IN-00021,WHS-IN-00013,2025-08-13T19:32:25Z,delivered
SHIP-88A994,BATCH-2025-2DACF8,163500,WHS-IN-00013,PHARM-IN-00016,2025-08-22T00:32:25Z,delivered
SHIP-62AC71,BATCH-2025-2DACF8,163500,MFG-IN-00004,DIST-IN-00006,2025-08-04T22:32:25Z,delivered
SHIP-677951,BATCH-2025-2DACF8,163500,DIST-IN-00006,WHS-IN-00017,2025-08-11T05:32:25Z,delivered
SHIP-F7318B,BATCH-2025-2DACF8,163500,WHS-IN-00017,PHARM-IN-00027,2025-08-17T17:32:25Z,delivered
SHIP-F9F154,BATCH-2026-B9F5CC,236000,MFG-IN-00012,DIST-IN-00019,2026-06-15T00:23:36Z,delivered
SHIP-03DB08,BATCH-2026-B9F5CC,236000,DIST-IN-00019,WHS-IN-00013,2026-06-20T01:23:36Z,delivered
SHIP-4054AC,BATCH-2026-B9F5CC,118000,WHS-IN-00013,PHARM-IN-00039,2026-06-24T01:23:36Z,delivered
SHIP-FC06A5,BATCH-2026-B9F5CC,118000,WHS-IN-00013,PHARM-IN-00017,2026-06-27T01:23:36Z,delivered
SHIP-DAE8A9,BATCH-2026-B9F5CC,236000,MFG-IN-00012,DIST-IN-00008,2026-06-16T04:23:36Z,delivered
SHIP-B8279A,BATCH-2026-B9F5CC,236000,DIST-IN-00008,WHS-IN-00014,2026-06-22T05:23:36Z,delivered
SHIP-5DDE49,BATCH-2026-B9F5CC,236000,WHS-IN-00014,PHARM-IN-00028,2026-06-27T09:23:36Z,delivered
SHIP-3F6F67,BATCH-2026-2DAA4D,384000,MFG-IN-00008,DIST-IN-00014,2026-05-09T05:02:19Z,delivered
SHIP-6977A1,BATCH-2026-2DAA4D,384000,DIST-IN-00014,WHS-IN-00029,2026-05-14T09:02:19Z,delivered
SHIP-6C3848,BATCH-2026-2DAA4D,384000,WHS-IN-00029,PHARM-IN-00031,2026-05-19T18:02:19Z,delivered
SHIP-D4022A,BATCH-2025-CA1E30,56000,MFG-IN-00005,DIST-IN-00023,2026-01-05T16:32:20Z,delivered
SHIP-9A344C,BATCH-2025-CA1E30,56000,DIST-IN-00023,WHS-IN-00004,2026-01-09T17:32:20Z,delivered
SHIP-E256E8,BATCH-2025-CA1E30,18666,WHS-IN-00004,PHARM-IN-00039,2026-01-17T20:32:20Z,delivered
SHIP-FCBA24,BATCH-2025-CA1E30,18667,WHS-IN-00004,PHARM-IN-00043,2026-01-17T20:32:20Z,delivered
SHIP-F1D42A,BATCH-2025-CA1E30,18667,WHS-IN-00004,PHARM-IN-00052,2026-01-15T20:32:20Z,delivered
SHIP-AD9F3A,BATCH-2025-CA1E30,56000,MFG-IN-00005,DIST-IN-00013,2026-01-05T06:32:20Z,delivered
SHIP-E78E7F,BATCH-2025-CA1E30,56000,DIST-IN-00013,WHS-IN-00033,2026-01-11T10:32:20Z,delivered
SHIP-426D13,BATCH-2025-CA1E30,56000,WHS-IN-00033,PHARM-IN-00046,2026-01-19T17:32:20Z,delivered
SHIP-E0BD9C,BATCH-2026-28A28F,435000,MFG-IN-00015,DIST-IN-00002,2026-04-02T14:48:19Z,delivered
SHIP-9B75B5,BATCH-2026-28A28F,435000,DIST-IN-00002,WHS-IN-00028,2026-04-09T01:48:19Z,delivered
SHIP-2E386A,BATCH-2026-28A28F,217500,WHS-IN-00028,PHARM-IN-00028,2026-04-14T10:48:19Z,delivered
SHIP-FA16DB,BATCH-2026-28A28F,217500,WHS-IN-00028,PHARM-IN-00058,2026-04-14T10:48:19Z,delivered
SHIP-402C55,BATCH-2025-3ED1D6,421000,MFG-IN-00014,DIST-IN-00008,2025-09-30T07:50:07Z,delivered
SHIP-50443E,BATCH-2025-3ED1D6,421000,DIST-IN-00008,WHS-IN-00030,2025-10-08T11:50:07Z,delivered
SHIP-080080,BATCH-2025-3ED1D6,210500,WHS-IN-00030,PHARM-IN-00046,2025-10-13T18:50:07Z,delivered
SHIP-4DA1E9,BATCH-2025-3ED1D6,210500,WHS-IN-00030,PHARM-IN-00036,2025-10-11T18:50:07Z,delivered
SHIP-C6C932,BATCH-2025-04C02D,443000,MFG-IN-00002,DIST-IN-00010,2025-08-07T15:45:45Z,delivered
SHIP-0D95B4,BATCH-2025-04C02D,443000,DIST-IN-00010,WHS-IN-00001,2025-08-16T00:45:45Z,delivered
SHIP-63591A,BATCH-2025-04C02D,443000,WHS-IN-00001,PHARM-IN-00032,2025-08-19T06:45:45Z,delivered
SHIP-BA2899,BATCH-2025-8323F6,121000,MFG-IN-00007,DIST-IN-00022,2025-09-09T08:51:54Z,delivered
SHIP-93D0F1,BATCH-2025-8323F6,121000,DIST-IN-00022,WHS-IN-00002,2025-09-11T13:51:54Z,delivered
SHIP-C2B0C3,BATCH-2025-8323F6,60500,WHS-IN-00002,PHARM-IN-00018,2025-09-17T00:51:54Z,delivered
SHIP-4B173B,BATCH-2025-8323F6,60500,WHS-IN-00002,PHARM-IN-00039,2025-09-19T00:51:54Z,delivered
SHIP-DDF613,BATCH-2025-8323F6,121000,MFG-IN-00007,DIST-IN-00004,2025-09-10T02:51:54Z,delivered
SHIP-BD0D92,BATCH-2025-8323F6,121000,DIST-IN-00004,WHS-IN-00005,2025-09-18T07:51:54Z,delivered
SHIP-7B5CFE,BATCH-2025-8323F6,121000,WHS-IN-00005,PHARM-IN-00016,2025-09-26T08:51:54Z,delivered
SHIP-3E2CE3,BATCH-2026-BA2C0B,431000,MFG-IN-00011,DIST-IN-00025,2026-05-15T18:59:23Z,delivered
SHIP-A6048B,BATCH-2026-BA2C0B,431000,DIST-IN-00025,WHS-IN-00032,2026-05-21T19:59:23Z,delivered
SHIP-6E08BC,BATCH-2026-BA2C0B,431000,WHS-IN-00032,PHARM-IN-00007,2026-05-28T05:59:23Z,delivered
SHIP-681FC8,BATCH-2025-CE4DC4,239000,MFG-IN-00004,DIST-IN-00016,2025-03-09T00:29:35Z,delivered
SHIP-86EE47,BATCH-2025-CE4DC4,239000,DIST-IN-00016,WHS-IN-00024,2025-03-18T01:29:35Z,delivered
SHIP-3539BB,BATCH-2025-CE4DC4,239000,WHS-IN-00024,PHARM-IN-00033,2025-03-23T07:29:35Z,delivered
SHIP-454FC2,BATCH-2025-CE4DC4,239000,MFG-IN-00004,DIST-IN-00009,2025-03-09T03:29:35Z,delivered
SHIP-C1F8B6,BATCH-2025-CE4DC4,239000,DIST-IN-00009,WHS-IN-00019,2025-03-15T10:29:35Z,delivered
SHIP-1FF284,BATCH-2025-CE4DC4,239000,WHS-IN-00019,PHARM-IN-00009,2025-03-22T11:29:35Z,delivered
SHIP-E2B9B5,BATCH-2026-E86578,342000,MFG-IN-00011,DIST-IN-00002,2026-08-14T17:01:32Z,delivered
SHIP-3EDF62,BATCH-2026-E86578,342000,DIST-IN-00002,WHS-IN-00033,2026-08-20T01:01:32Z,delivered
SHIP-06713B,BATCH-2026-E86578,171000,WHS-IN-00033,PHARM-IN-00037,2026-08-27T02:01:32Z,delivered
SHIP-18D736,BATCH-2026-E86578,171000,WHS-IN-00033,PHARM-IN-00053,2026-08-29T02:01:32Z,delivered
SHIP-97FCDB,BATCH-2025-F81BAF,69000,MFG-IN-00001,DIST-IN-00006,2025-10-09T11:46:01Z,delivered
SHIP-498D57,BATCH-2025-F81BAF,69000,DIST-IN-00006,WHS-IN-00021,2025-10-15T17:46:01Z,delivered
SHIP-C0DB0B,BATCH-2025-F81BAF,34500,WHS-IN-00021,PHARM-IN-00017,2025-10-22T05:46:01Z,delivered
SHIP-6FA898,BATCH-2025-F81BAF,34500,WHS-IN-00021,PHARM-IN-00022,2025-10-25T05:46:01Z,delivered
SHIP-708C21,BATCH-2025-4718EA,199000,MFG-IN-00009,DIST-IN-00001,2025-12-11T21:53:00Z,delivered
SHIP-C8C97D,BATCH-2025-4718EA,199000,DIST-IN-00001,WHS-IN-00031,2025-12-16T21:53:00Z,delivered
SHIP-1BEA71,BATCH-2025-4718EA,199000,WHS-IN-00031,PHARM-IN-00053,2025-12-26T07:53:00Z,delivered
SHIP-274E13,BATCH-2025-DC78D9,218000,MFG-IN-00012,DIST-IN-00003,2026-01-01T06:00:29Z,delivered
SHIP-3BC251,BATCH-2025-DC78D9,218000,DIST-IN-00003,WHS-IN-00013,2026-01-04T07:00:29Z,delivered
SHIP-47A226,BATCH-2025-DC78D9,109000,WHS-IN-00013,PHARM-IN-00028,2026-01-11T14:00:29Z,delivered
SHIP-BF3A40,BATCH-2025-DC78D9,109000,WHS-IN-00013,PHARM-IN-00054,2026-01-10T14:00:29Z,delivered
SHIP-DAE090,BATCH-2025-DC78D9,218000,MFG-IN-00012,DIST-IN-00005,2026-01-01T07:00:29Z,delivered
SHIP-A5E0B2,BATCH-2025-DC78D9,218000,DIST-IN-00005,WHS-IN-00029,2026-01-06T09:00:29Z,delivered
SHIP-2B4612,BATCH-2025-DC78D9,109000,WHS-IN-00029,PHARM-IN-00013,2026-01-15T09:00:29Z,delivered
SHIP-FB9A98,BATCH-2025-DC78D9,109000,WHS-IN-00029,PHARM-IN-00019,2026-01-11T09:00:29Z,delivered
SHIP-882051,BATCH-2026-F52624,60500,MFG-IN-00005,DIST-IN-00016,2026-08-07T17:45:51Z,delivered
SHIP-DF15E0,BATCH-2026-F52624,60500,DIST-IN-00016,WHS-IN-00026,2026-08-14T17:45:51Z,delivered
SHIP-67C37D,BATCH-2026-F52624,30250,WHS-IN-00026,PHARM-IN-00028,2026-08-21T20:45:51Z,delivered
SHIP-3DD9A2,BATCH-2026-F52624,30250,WHS-IN-00026,PHARM-IN-00037,2026-08-22T20:45:51Z,delivered
SHIP-2B09B0,BATCH-2026-F52624,60500,MFG-IN-00005,DIST-IN-00024,2026-08-07T07:45:51Z,delivered
SHIP-08C8B8,BATCH-2026-F52624,60500,DIST-IN-00024,WHS-IN-00019,2026-08-17T07:45:51Z,delivered
SHIP-DCE534,BATCH-2026-F52624,30250,WHS-IN-00019,PHARM-IN-00033,2026-08-24T14:45:51Z,delivered
SHIP-5CBD52,BATCH-2026-F52624,30250,WHS-IN-00019,PHARM-IN-00015,2026-08-21T14:45:51Z,delivered
SHIP-5A3D31,BATCH-2025-6E975B,144000,MFG-IN-00004,DIST-IN-00022,2025-05-03T10:06:15Z,delivered
SHIP-510FA3,BATCH-2025-6E975B,144000,DIST-IN-00022,WHS-IN-00019,2025-05-11T19:06:15Z,delivered
SHIP-AFBFED,BATCH-2025-6E975B,144000,WHS-IN-00019,PHARM-IN-00013,2025-05-15T05:06:15Z,delivered
SHIP-D3B7E5,BATCH-2025-6E975B,144000,MFG-IN-00004,DIST-IN-00021,2025-05-03T11:06:15Z,delivered
SHIP-43D2DB,BATCH-2025-6E975B,144000,DIST-IN-00021,WHS-IN-00004,2025-05-07T14:06:15Z,delivered
SHIP-C9D59C,BATCH-2025-6E975B,72000,WHS-IN-00004,PHARM-IN-00012,2025-05-15T18:06:15Z,delivered
SHIP-BA0D9C,BATCH-2025-6E975B,72000,WHS-IN-00004,PHARM-IN-00053,2025-05-13T18:06:15Z,delivered
SHIP-342CD1,BATCH-2025-03DF65,56000,MFG-IN-00005,DIST-IN-00008,2025-05-21T13:13:19Z,delivered
SHIP-33BF3F,BATCH-2025-03DF65,56000,DIST-IN-00008,WHS-IN-00003,2025-05-30T01:13:19Z,delivered
SHIP-2D18D3,BATCH-2025-03DF65,28000,WHS-IN-00003,PHARM-IN-00060,2025-06-06T03:13:19Z,delivered
SHIP-59C12B,BATCH-2025-03DF65,28000,WHS-IN-00003,PHARM-IN-00029,2025-06-07T03:13:19Z,delivered
SHIP-4BB2F9,BATCH-2025-C77917,134000,MFG-IN-00010,DIST-IN-00004,2025-03-25T05:51:06Z,delivered
SHIP-DD86DB,BATCH-2025-C77917,134000,DIST-IN-00004,WHS-IN-00029,2025-04-01T16:51:06Z,delivered
SHIP-B38932,BATCH-2025-C77917,134000,WHS-IN-00029,PHARM-IN-00024,2025-04-09T03:51:06Z,delivered
SHIP-701EB0,BATCH-2026-3C6302,310000,MFG-IN-00004,DIST-IN-00014,2026-04-19T02:10:55Z,delivered
SHIP-949217,BATCH-2026-3C6302,310000,DIST-IN-00014,WHS-IN-00033,2026-04-25T07:10:55Z,delivered
SHIP-2223B7,BATCH-2026-3C6302,155000,WHS-IN-00033,PHARM-IN-00027,2026-04-28T11:10:55Z,delivered
SHIP-91DA7A,BATCH-2026-3C6302,155000,WHS-IN-00033,PHARM-IN-00024,2026-04-28T11:10:55Z,delivered
SHIP-354020,BATCH-2025-501BC6,151000,MFG-IN-00004,DIST-IN-00014,2025-06-10T23:36:33Z,delivered
SHIP-746E43,BATCH-2025-501BC6,151000,DIST-IN-00014,WHS-IN-00010,2025-06-14T23:36:33Z,delivered
SHIP-B708A7,BATCH-2025-501BC6,151000,WHS-IN-00010,PHARM-IN-00050,2025-06-18T00:36:33Z,delivered
SHIP-63226A,BATCH-2025-9B0F74,174000,MFG-IN-00009,DIST-IN-00022,2025-06-30T00:51:43Z,delivered
SHIP-D31799,BATCH-2025-9B0F74,174000,DIST-IN-00022,WHS-IN-00027,2025-07-05T10:51:43Z,delivered
SHIP-FBDD0D,BATCH-2025-9B0F74,58000,WHS-IN-00027,PHARM-IN-00001,2025-07-13T21:51:43Z,delivered
SHIP-9A19AD,BATCH-2025-9B0F74,58000,WHS-IN-00027,PHARM-IN-00053,2025-07-12T21:51:43Z,delivered
SHIP-060CF6,BATCH-2025-9B0F74,58000,WHS-IN-00027,PHARM-IN-00018,2025-07-11T21:51:43Z,delivered
SHIP-2D889E,BATCH-2025-9B0F74,174000,MFG-IN-00009,DIST-IN-00021,2025-06-29T07:51:43Z,delivered
SHIP-3A4675,BATCH-2025-9B0F74,174000,DIST-IN-00021,WHS-IN-00025,2025-07-06T07:51:43Z,delivered
SHIP-8BDD81,BATCH-2025-9B0F74,174000,WHS-IN-00025,PHARM-IN-00033,2025-07-13T15:51:43Z,delivered
SHIP-A49885,BATCH-2026-1FDC3B,9000,MFG-IN-00006,DIST-IN-00006,2026-05-16T19:00:50Z,delivered
SHIP-371114,BATCH-2026-1FDC3B,9000,DIST-IN-00006,WHS-IN-00028,2026-05-24T22:00:50Z,delivered
SHIP-521C66,BATCH-2026-1FDC3B,3000,WHS-IN-00028,PHARM-IN-00017,2026-05-29T09:00:50Z,delivered
SHIP-3C463A,BATCH-2026-1FDC3B,3000,WHS-IN-00028,PHARM-IN-00041,2026-05-30T09:00:50Z,delivered
SHIP-2F8999,BATCH-2026-1FDC3B,3000,WHS-IN-00028,PHARM-IN-00033,2026-05-30T09:00:50Z,delivered
SHIP-0B3EA8,BATCH-2026-1FDC3B,9000,MFG-IN-00006,DIST-IN-00001,2026-05-16T07:00:50Z,delivered
SHIP-41EE73,BATCH-2026-1FDC3B,9000,DIST-IN-00001,WHS-IN-00025,2026-05-24T11:00:50Z,delivered
SHIP-8DDE94,BATCH-2026-1FDC3B,4500,WHS-IN-00025,PHARM-IN-00013,2026-05-29T12:00:50Z,delivered
SHIP-35C726,BATCH-2026-1FDC3B,4500,WHS-IN-00025,PHARM-IN-00053,2026-05-30T12:00:50Z,delivered
SHIP-14B5F3,BATCH-2026-4E3CB3,391000,MFG-IN-00003,DIST-IN-00005,2026-03-31T03:56:42Z,delivered
SHIP-800D4B,BATCH-2026-4E3CB3,391000,DIST-IN-00005,WHS-IN-00034,2026-04-08T04:56:42Z,delivered
SHIP-37CD82,BATCH-2026-4E3CB3,195500,WHS-IN-00034,PHARM-IN-00029,2026-04-16T08:56:42Z,delivered
SHIP-4C1614,BATCH-2026-4E3CB3,195500,WHS-IN-00034,PHARM-IN-00045,2026-04-17T08:56:42Z,delivered
SHIP-E8F28C,BATCH-2026-AAFF4F,241000,MFG-IN-00013,DIST-IN-00023,2026-03-23T00:26:56Z,delivered
SHIP-E4F092,BATCH-2026-AAFF4F,241000,DIST-IN-00023,WHS-IN-00030,2026-03-28T11:26:56Z,delivered
SHIP-498281,BATCH-2026-AAFF4F,80333,WHS-IN-00030,PHARM-IN-00024,2026-04-03T22:26:56Z,delivered
SHIP-183601,BATCH-2026-AAFF4F,80333,WHS-IN-00030,PHARM-IN-00059,2026-04-01T22:26:56Z,delivered
SHIP-1F10FB,BATCH-2026-AAFF4F,80334,WHS-IN-00030,PHARM-IN-00008,2026-03-30T22:26:56Z,delivered
SHIP-14F767,BATCH-2026-FA26A5,244000,MFG-IN-00010,DIST-IN-00016,2026-07-09T03:50:36Z,delivered
SHIP-460671,BATCH-2026-FA26A5,244000,DIST-IN-00016,WHS-IN-00004,2026-07-14T15:50:36Z,delivered
SHIP-425869,BATCH-2026-FA26A5,81333,WHS-IN-00004,PHARM-IN-00032,2026-07-22T18:50:36Z,delivered
SHIP-47AF55,BATCH-2026-FA26A5,81333,WHS-IN-00004,PHARM-IN-00001,2026-07-21T18:50:36Z,delivered
SHIP-498EB1,BATCH-2026-FA26A5,81334,WHS-IN-00004,PHARM-IN-00008,2026-07-22T18:50:36Z,delivered
SHIP-38DACF,BATCH-2026-8EE4A7,261000,MFG-IN-00008,DIST-IN-00024,2026-01-13T10:18:58Z,delivered
SHIP-12E85D,BATCH-2026-8EE4A7,261000,DIST-IN-00024,WHS-IN-00029,2026-01-21T18:18:58Z,delivered
SHIP-5BBABF,BATCH-2026-8EE4A7,261000,WHS-IN-00029,PHARM-IN-00040,2026-01-30T20:18:58Z,delivered
SHIP-BCB466,BATCH-2026-2F1AA0,21500,MFG-IN-00002,DIST-IN-00011,2026-06-01T05:29:09Z,delivered
SHIP-0D092B,BATCH-2026-2F1AA0,21500,DIST-IN-00011,WHS-IN-00006,2026-06-07T16:29:09Z,delivered
SHIP-03BCF4,BATCH-2026-2F1AA0,10750,WHS-IN-00006,PHARM-IN-00008,2026-06-14T01:29:09Z,delivered
SHIP-48768A,BATCH-2026-2F1AA0,10750,WHS-IN-00006,PHARM-IN-00042,2026-06-14T01:29:09Z,delivered
SHIP-755896,BATCH-2026-2F1AA0,21500,MFG-IN-00002,DIST-IN-00018,2026-05-31T19:29:09Z,delivered
SHIP-854052,BATCH-2026-2F1AA0,21500,DIST-IN-00018,WHS-IN-00002,2026-06-04T20:29:09Z,delivered
SHIP-34EC17,BATCH-2026-2F1AA0,21500,WHS-IN-00002,PHARM-IN-00035,2026-06-11T23:29:09Z,delivered
SHIP-B6F4B1,BATCH-2025-033F39,242000,MFG-IN-00011,DIST-IN-00001,2025-12-07T23:34:21Z,delivered
SHIP-4F3349,BATCH-2025-033F39,242000,DIST-IN-00001,WHS-IN-00034,2025-12-13T05:34:21Z,delivered
SHIP-28681C,BATCH-2025-033F39,242000,WHS-IN-00034,PHARM-IN-00007,2025-12-22T09:34:21Z,delivered
SHIP-E70856,BATCH-2026-F966E3,230000,MFG-IN-00002,DIST-IN-00025,2026-07-05T21:44:02Z,delivered
SHIP-E758BE,BATCH-2026-F966E3,230000,DIST-IN-00025,WHS-IN-00004,2026-07-14T03:44:02Z,delivered
SHIP-636EB5,BATCH-2026-F966E3,115000,WHS-IN-00004,PHARM-IN-00020,2026-07-18T05:44:02Z,delivered
SHIP-864C02,BATCH-2026-F966E3,115000,WHS-IN-00004,PHARM-IN-00025,2026-07-20T05:44:02Z,delivered
SHIP-7CE50A,BATCH-2026-BB58B1,222000,MFG-IN-00007,DIST-IN-00008,2026-02-04T18:49:56Z,delivered
SHIP-F4500C,BATCH-2026-BB58B1,222000,DIST-IN-00008,WHS-IN-00008,2026-02-10T01:49:56Z,delivered
SHIP-DE9573,BATCH-2026-BB58B1,111000,WHS-IN-00008,PHARM-IN-00005,2026-02-12T06:49:56Z,delivered
SHIP-AFE1E4,BATCH-2026-BB58B1,111000,WHS-IN-00008,PHARM-IN-00031,2026-02-12T06:49:56Z,delivered
SHIP-A89F7A,BATCH-2025-89C2B4,361000,MFG-IN-00006,DIST-IN-00018,2025-12-01T12:28:36Z,delivered
SHIP-D1DF6F,BATCH-2025-89C2B4,361000,DIST-IN-00018,WHS-IN-00033,2025-12-07T19:28:36Z,delivered
SHIP-25D917,BATCH-2025-89C2B4,180500,WHS-IN-00033,PHARM-IN-00035,2025-12-15T00:28:36Z,delivered
SHIP-D3AC03,BATCH-2025-89C2B4,180500,WHS-IN-00033,PHARM-IN-00028,2025-12-14T00:28:36Z,delivered
SHIP-716F09,BATCH-2025-B9C2BC,59000,MFG-IN-00014,DIST-IN-00016,2025-04-28T23:56:06Z,delivered
SHIP-BB827E,BATCH-2025-B9C2BC,59000,DIST-IN-00016,WHS-IN-00023,2025-05-08T09:56:06Z,delivered
SHIP-FF324A,BATCH-2025-B9C2BC,59000,WHS-IN-00023,PHARM-IN-00048,2025-05-15T18:56:06Z,delivered
SHIP-0C68E3,BATCH-2026-AEE114,353000,MFG-IN-00009,DIST-IN-00004,2026-05-16T10:30:05Z,delivered
SHIP-4D2AF3,BATCH-2026-AEE114,353000,DIST-IN-00004,WHS-IN-00033,2026-05-22T16:30:05Z,delivered
SHIP-3C929A,BATCH-2026-AEE114,117666,WHS-IN-00033,PHARM-IN-00046,2026-05-28T02:30:05Z,delivered
SHIP-40B03C,BATCH-2026-AEE114,117667,WHS-IN-00033,PHARM-IN-00029,2026-05-30T02:30:05Z,delivered
SHIP-59411F,BATCH-2026-AEE114,117667,WHS-IN-00033,PHARM-IN-00018,2026-05-27T02:30:05Z,delivered
SHIP-A3D9E3,BATCH-2025-4B9ED0,158500,MFG-IN-00014,DIST-IN-00014,2025-03-28T23:01:27Z,delivered
SHIP-13C5D6,BATCH-2025-4B9ED0,158500,DIST-IN-00014,WHS-IN-00005,2025-04-07T07:01:27Z,delivered
SHIP-D13162,BATCH-2025-4B9ED0,79250,WHS-IN-00005,PHARM-IN-00023,2025-04-12T17:01:27Z,delivered
SHIP-D32130,BATCH-2025-4B9ED0,79250,WHS-IN-00005,PHARM-IN-00053,2025-04-09T17:01:27Z,delivered
SHIP-973F93,BATCH-2025-4B9ED0,158500,MFG-IN-00014,DIST-IN-00018,2025-03-27T11:01:27Z,delivered
SHIP-F5E84E,BATCH-2025-4B9ED0,158500,DIST-IN-00018,WHS-IN-00002,2025-04-03T11:01:27Z,delivered
SHIP-FF65CB,BATCH-2025-4B9ED0,52833,WHS-IN-00002,PHARM-IN-00041,2025-04-08T14:01:27Z,delivered
SHIP-4A2CCE,BATCH-2025-4B9ED0,52833,WHS-IN-00002,PHARM-IN-00020,2025-04-07T14:01:27Z,delivered
SHIP-F8529E,BATCH-2025-4B9ED0,52834,WHS-IN-00002,PHARM-IN-00052,2025-04-07T14:01:27Z,delivered
SHIP-1FCAC0,BATCH-2025-71E47E,124000,MFG-IN-00010,DIST-IN-00009,2025-06-17T12:22:46Z,delivered
SHIP-F7B644,BATCH-2025-71E47E,124000,DIST-IN-00009,WHS-IN-00012,2025-06-22T14:22:46Z,delivered
SHIP-7DD095,BATCH-2025-71E47E,124000,WHS-IN-00012,PHARM-IN-00060,2025-06-30T01:22:46Z,delivered
SHIP-73B5EB,BATCH-2025-5BD69E,303000,MFG-IN-00009,DIST-IN-00022,2025-05-14T01:37:02Z,delivered
SHIP-2B2AB2,BATCH-2025-5BD69E,303000,DIST-IN-00022,WHS-IN-00001,2025-05-21T11:37:02Z,delivered
SHIP-0921EE,BATCH-2025-5BD69E,101000,WHS-IN-00001,PHARM-IN-00027,2025-05-27T16:37:02Z,delivered
SHIP-963B09,BATCH-2025-5BD69E,101000,WHS-IN-00001,PHARM-IN-00018,2025-05-27T16:37:02Z,delivered
SHIP-BC60BF,BATCH-2025-5BD69E,101000,WHS-IN-00001,PHARM-IN-00008,2025-05-23T16:37:02Z,delivered
SHIP-595FBD,BATCH-2026-8BD963,24000,MFG-IN-00014,DIST-IN-00013,2026-06-01T21:29:16Z,delivered
SHIP-F7FE34,BATCH-2026-8BD963,24000,DIST-IN-00013,WHS-IN-00015,2026-06-09T06:29:16Z,delivered
SHIP-57802B,BATCH-2026-8BD963,24000,WHS-IN-00015,PHARM-IN-00022,2026-06-16T07:29:16Z,delivered
SHIP-CA8ACD,BATCH-2025-B753C3,13000,MFG-IN-00013,DIST-IN-00014,2025-11-04T11:47:26Z,delivered
SHIP-45CAE1,BATCH-2025-B753C3,13000,DIST-IN-00014,WHS-IN-00007,2025-11-11T15:47:26Z,delivered
SHIP-2DB2E7,BATCH-2025-B753C3,4333,WHS-IN-00007,PHARM-IN-00034,2025-11-14T20:47:26Z,delivered
SHIP-7C17CB,BATCH-2025-B753C3,4333,WHS-IN-00007,PHARM-IN-00051,2025-11-17T20:47:26Z,delivered
SHIP-AC00C3,BATCH-2025-B753C3,4334,WHS-IN-00007,PHARM-IN-00016,2025-11-14T20:47:26Z,delivered
SHIP-2F0DB7,BATCH-2025-D9415B,194500,MFG-IN-00010,DIST-IN-00002,2025-04-07T20:09:58Z,delivered
SHIP-A66BEF,BATCH-2025-D9415B,194500,DIST-IN-00002,WHS-IN-00004,2025-04-16T21:09:58Z,delivered
SHIP-5DFB7E,BATCH-2025-D9415B,97250,WHS-IN-00004,PHARM-IN-00040,2025-04-22T01:09:58Z,delivered
SHIP-5361F1,BATCH-2025-D9415B,97250,WHS-IN-00004,PHARM-IN-00049,2025-04-22T01:09:58Z,delivered
SHIP-321772,BATCH-2025-D9415B,194500,MFG-IN-00010,DIST-IN-00015,2025-04-08T16:09:58Z,delivered
SHIP-3E04E4,BATCH-2025-D9415B,194500,DIST-IN-00015,WHS-IN-00030,2025-04-14T21:09:58Z,delivered
SHIP-BA3A3A,BATCH-2025-D9415B,194500,WHS-IN-00030,PHARM-IN-00001,2025-04-23T06:09:58Z,delivered
SHIP-77E4FA,BATCH-2025-B29A61,121000,MFG-IN-00009,DIST-IN-00005,2025-12-05T20:46:19Z,delivered
SHIP-B04E04,BATCH-2025-B29A61,121000,DIST-IN-00005,WHS-IN-00029,2025-12-11T02:46:19Z,delivered
SHIP-7F4FA8,BATCH-2025-B29A61,121000,WHS-IN-00029,PHARM-IN-00020,2025-12-18T04:46:19Z,delivered
SHIP-62F2B9,BATCH-2025-B29A61,121000,MFG-IN-00009,DIST-IN-00021,2025-12-05T23:46:19Z,delivered
SHIP-74F31C,BATCH-2025-B29A61,121000,DIST-IN-00021,WHS-IN-00020,2025-12-13T01:46:19Z,delivered
SHIP-546384,BATCH-2025-B29A61,40333,WHS-IN-00020,PHARM-IN-00034,2025-12-18T05:46:19Z,delivered
SHIP-5B4F00,BATCH-2025-B29A61,40333,WHS-IN-00020,PHARM-IN-00038,2025-12-20T05:46:19Z,delivered
SHIP-E8E12B,BATCH-2025-B29A61,40334,WHS-IN-00020,PHARM-IN-00043,2025-12-18T05:46:19Z,delivered
SHIP-BF802A,BATCH-2026-3F18C6,231000,MFG-IN-00005,DIST-IN-00023,2026-05-04T16:42:38Z,delivered
SHIP-46F23F,BATCH-2026-3F18C6,231000,DIST-IN-00023,WHS-IN-00020,2026-05-12T01:42:38Z,delivered
SHIP-37FCA5,BATCH-2026-3F18C6,115500,WHS-IN-00020,PHARM-IN-00051,2026-05-16T03:42:38Z,delivered
SHIP-9146E8,BATCH-2026-3F18C6,115500,WHS-IN-00020,PHARM-IN-00059,2026-05-17T03:42:38Z,delivered
SHIP-0CAD18,BATCH-2026-3F18C6,231000,MFG-IN-00005,DIST-IN-00015,2026-05-03T11:42:38Z,delivered
SHIP-0C0B4D,BATCH-2026-3F18C6,231000,DIST-IN-00015,WHS-IN-00025,2026-05-09T22:42:38Z,delivered
SHIP-9785BB,BATCH-2026-3F18C6,231000,WHS-IN-00025,PHARM-IN-00005,2026-05-17T00:42:38Z,delivered
SHIP-BE7751,BATCH-2026-0F416A,149000,MFG-IN-00013,DIST-IN-00015,2026-07-23T03:41:14Z,delivered
SHIP-A66510,BATCH-2026-0F416A,149000,DIST-IN-00015,WHS-IN-00013,2026-07-28T03:41:14Z,delivered
SHIP-CBB7E3,BATCH-2026-0F416A,49666,WHS-IN-00013,PHARM-IN-00047,2026-08-05T05:41:14Z,delivered
SHIP-D2F630,BATCH-2026-0F416A,49667,WHS-IN-00013,PHARM-IN-00012,2026-08-01T05:41:14Z,delivered
SHIP-514210,BATCH-2026-0F416A,49667,WHS-IN-00013,PHARM-IN-00022,2026-08-01T05:41:14Z,delivered
SHIP-09BEC3,BATCH-2025-5951BA,120000,MFG-IN-00008,DIST-IN-00007,2026-01-02T21:56:40Z,delivered
SHIP-ED3E94,BATCH-2025-5951BA,120000,DIST-IN-00007,WHS-IN-00011,2026-01-10T02:56:40Z,delivered
SHIP-34278A,BATCH-2025-5951BA,120000,WHS-IN-00011,PHARM-IN-00057,2026-01-16T13:56:40Z,delivered
SHIP-CFC734,BATCH-2025-02B5AD,139500,MFG-IN-00007,DIST-IN-00011,2025-09-24T16:05:48Z,delivered
SHIP-8CC764,BATCH-2025-02B5AD,139500,DIST-IN-00011,WHS-IN-00035,2025-09-29T16:05:48Z,delivered
SHIP-9AE440,BATCH-2025-02B5AD,139500,WHS-IN-00035,PHARM-IN-00051,2025-10-04T21:05:48Z,delivered
SHIP-E9A4FC,BATCH-2025-02B5AD,139500,MFG-IN-00007,DIST-IN-00020,2025-09-23T13:05:48Z,delivered
SHIP-B06539,BATCH-2025-02B5AD,139500,DIST-IN-00020,WHS-IN-00005,2025-09-27T01:05:48Z,delivered
SHIP-EEA862,BATCH-2025-02B5AD,69750,WHS-IN-00005,PHARM-IN-00030,2025-10-04T13:05:48Z,delivered
SHIP-233AA4,BATCH-2025-02B5AD,69750,WHS-IN-00005,PHARM-IN-00012,2025-10-05T13:05:48Z,delivered
SHIP-FE1722,BATCH-2025-01C499,82000,MFG-IN-00007,DIST-IN-00019,2025-02-18T12:17:51Z,delivered
SHIP-356939,BATCH-2025-01C499,82000,DIST-IN-00019,WHS-IN-00016,2025-02-24T15:17:51Z,delivered
SHIP-C698AB,BATCH-2025-01C499,27333,WHS-IN-00016,PHARM-IN-00037,2025-03-01T19:17:51Z,delivered
SHIP-4D1572,BATCH-2025-01C499,27333,WHS-IN-00016,PHARM-IN-00011,2025-02-28T19:17:51Z,delivered
SHIP-AA7E4A,BATCH-2025-01C499,27334,WHS-IN-00016,PHARM-IN-00060,2025-03-03T19:17:51Z,delivered
SHIP-CB65EF,BATCH-2025-01C499,82000,MFG-IN-00007,DIST-IN-00021,2025-02-19T04:17:51Z,delivered
SHIP-1754BF,BATCH-2025-01C499,82000,DIST-IN-00021,WHS-IN-00030,2025-02-26T10:17:51Z,delivered
SHIP-BE12A1,BATCH-2025-01C499,82000,WHS-IN-00030,PHARM-IN-00025,2025-03-03T15:17:51Z,delivered
SHIP-3C77D2,BATCH-2025-CBBE06,71000,MFG-IN-00013,DIST-IN-00003,2025-09-27T00:41:08Z,delivered
SHIP-CC7D46,BATCH-2025-CBBE06,71000,DIST-IN-00003,WHS-IN-00018,2025-10-02T08:41:08Z,delivered
SHIP-C692BD,BATCH-2025-CBBE06,71000,WHS-IN-00018,PHARM-IN-00035,2025-10-05T09:41:08Z,delivered
SHIP-3AF79D,BATCH-2025-D5762C,282000,MFG-IN-00007,DIST-IN-00024,2025-05-25T20:11:45Z,delivered
SHIP-896FE3,BATCH-2025-D5762C,282000,DIST-IN-00024,WHS-IN-00001,2025-05-31T08:11:45Z,delivered
SHIP-0A7912,BATCH-2025-D5762C,94000,WHS-IN-00001,PHARM-IN-00053,2025-06-04T13:11:45Z,delivered
SHIP-2F268C,BATCH-2025-D5762C,94000,WHS-IN-00001,PHARM-IN-00038,2025-06-07T13:11:45Z,delivered
SHIP-24C926,BATCH-2025-D5762C,94000,WHS-IN-00001,PHARM-IN-00049,2025-06-07T13:11:45Z,delivered
SHIP-B53B2C,BATCH-2025-33EB20,225500,MFG-IN-00014,DIST-IN-00015,2025-04-09T19:35:04Z,delivered
SHIP-389E06,BATCH-2025-33EB20,225500,DIST-IN-00015,WHS-IN-00014,2025-04-16T01:35:04Z,delivered
SHIP-8A1266,BATCH-2025-33EB20,225500,WHS-IN-00014,PHARM-IN-00037,2025-04-22T09:35:04Z,delivered
SHIP-259ACC,BATCH-2025-33EB20,225500,MFG-IN-00014,DIST-IN-00011,2025-04-10T06:35:04Z,delivered
SHIP-5F0CD6,BATCH-2025-33EB20,225500,DIST-IN-00011,WHS-IN-00027,2025-04-17T11:35:04Z,delivered
SHIP-D6A18E,BATCH-2025-33EB20,225500,WHS-IN-00027,PHARM-IN-00002,2025-04-26T23:35:04Z,delivered
SHIP-8949AB,BATCH-2025-5C4D31,151500,MFG-IN-00008,DIST-IN-00011,2025-10-18T17:52:23Z,delivered
SHIP-89D9D8,BATCH-2025-5C4D31,151500,DIST-IN-00011,WHS-IN-00026,2025-10-23T23:52:23Z,delivered
SHIP-721368,BATCH-2025-5C4D31,151500,WHS-IN-00026,PHARM-IN-00037,2025-11-01T02:52:23Z,delivered
SHIP-315D7A,BATCH-2025-5C4D31,151500,MFG-IN-00008,DIST-IN-00019,2025-10-17T09:52:23Z,delivered
SHIP-3C7A56,BATCH-2025-5C4D31,151500,DIST-IN-00019,WHS-IN-00002,2025-10-21T09:52:23Z,delivered
SHIP-211CF4,BATCH-2025-5C4D31,151500,WHS-IN-00002,PHARM-IN-00015,2025-10-26T10:52:23Z,delivered
SHIP-A735C3,BATCH-2025-A2A94F,20000,MFG-IN-00007,DIST-IN-00001,2025-05-14T06:59:14Z,delivered
SHIP-A21B49,BATCH-2025-A2A94F,20000,DIST-IN-00001,WHS-IN-00008,2025-05-20T12:59:14Z,delivered
SHIP-14D4BD,BATCH-2025-A2A94F,20000,WHS-IN-00008,PHARM-IN-00058,2025-05-26T19:59:14Z,delivered
SHIP-3A28EB,BATCH-2026-3CDF4B,55000,MFG-IN-00010,DIST-IN-00023,2026-08-05T01:15:46Z,delivered
SHIP-5DFCFF,BATCH-2026-3CDF4B,55000,DIST-IN-00023,WHS-IN-00033,2026-08-14T10:15:46Z,delivered
SHIP-167F34,BATCH-2026-3CDF4B,55000,WHS-IN-00033,PHARM-IN-00010,2026-08-22T14:15:46Z,delivered
SHIP-28867F,BATCH-2026-8933F6,278000,MFG-IN-00004,DIST-IN-00019,2026-05-19T14:21:23Z,delivered
SHIP-E54087,BATCH-2026-8933F6,278000,DIST-IN-00019,WHS-IN-00006,2026-05-26T23:21:23Z,delivered
SHIP-BBC79A,BATCH-2026-8933F6,278000,WHS-IN-00006,PHARM-IN-00053,2026-06-02T04:21:23Z,delivered
SHIP-802933,BATCH-2025-47E7DC,204000,MFG-IN-00005,DIST-IN-00024,2025-08-07T02:24:09Z,delivered
SHIP-E9BFFF,BATCH-2025-47E7DC,204000,DIST-IN-00024,WHS-IN-00026,2025-08-15T13:24:09Z,delivered
SHIP-0BF5AA,BATCH-2025-47E7DC,204000,WHS-IN-00026,PHARM-IN-00041,2025-08-21T16:24:09Z,delivered
SHIP-FF3C03,BATCH-2025-47E7DC,204000,MFG-IN-00005,DIST-IN-00014,2025-08-07T22:24:09Z,delivered
SHIP-40197E,BATCH-2025-47E7DC,204000,DIST-IN-00014,WHS-IN-00008,2025-08-13T05:24:09Z,delivered
SHIP-3F3B48,BATCH-2025-47E7DC,102000,WHS-IN-00008,PHARM-IN-00050,2025-08-18T17:24:09Z,delivered
SHIP-38DA59,BATCH-2025-47E7DC,102000,WHS-IN-00008,PHARM-IN-00021,2025-08-16T17:24:09Z,delivered
SHIP-0046C9,BATCH-2026-586BE0,473000,MFG-IN-00011,DIST-IN-00023,2026-04-04T03:11:26Z,delivered
SHIP-CDCA1E,BATCH-2026-586BE0,473000,DIST-IN-00023,WHS-IN-00013,2026-04-11T14:11:26Z,delivered
SHIP-DD6C97,BATCH-2026-586BE0,473000,WHS-IN-00013,PHARM-IN-00059,2026-04-14T14:11:26Z,delivered
SHIP-D80B18,BATCH-2025-593C0A,84000,MFG-IN-00014,DIST-IN-00003,2025-08-15T23:22:14Z,delivered
SHIP-5B1A38,BATCH-2025-593C0A,84000,DIST-IN-00003,WHS-IN-00009,2025-08-22T10:22:14Z,delivered
SHIP-384140,BATCH-2025-593C0A,28000,WHS-IN-00009,PHARM-IN-00039,2025-08-28T12:22:14Z,delivered
SHIP-DF9F6D,BATCH-2025-593C0A,28000,WHS-IN-00009,PHARM-IN-00007,2025-08-27T12:22:14Z,delivered
SHIP-1381F8,BATCH-2025-593C0A,28000,WHS-IN-00009,PHARM-IN-00012,2025-08-28T12:22:14Z,delivered
SHIP-2EAC26,BATCH-2026-190A14,100000,MFG-IN-00010,DIST-IN-00023,2026-07-07T22:34:25Z,delivered
SHIP-71BABD,BATCH-2026-190A14,100000,DIST-IN-00023,WHS-IN-00034,2026-07-16T05:34:25Z,delivered
SHIP-9329F0,BATCH-2026-190A14,50000,WHS-IN-00034,PHARM-IN-00039,2026-07-18T11:34:25Z,delivered
SHIP-DB871D,BATCH-2026-190A14,50000,WHS-IN-00034,PHARM-IN-00001,2026-07-19T11:34:25Z,delivered
SHIP-253C81,BATCH-2026-DDB369,452000,MFG-IN-00010,DIST-IN-00014,2026-07-26T01:14:53Z,delivered
SHIP-0628EB,BATCH-2026-DDB369,452000,DIST-IN-00014,WHS-IN-00015,2026-07-30T04:14:53Z,delivered
SHIP-322595,BATCH-2026-DDB369,452000,WHS-IN-00015,PHARM-IN-00033,2026-08-02T15:14:53Z,delivered
SHIP-6BF640,BATCH-2026-C3BD1B,208500,MFG-IN-00002,DIST-IN-00018,2026-01-24T18:21:20Z,delivered
SHIP-BDFA0B,BATCH-2026-C3BD1B,208500,DIST-IN-00018,WHS-IN-00023,2026-01-29T21:21:20Z,delivered
SHIP-3748E3,BATCH-2026-C3BD1B,104250,WHS-IN-00023,PHARM-IN-00001,2026-02-02T21:21:20Z,delivered
SHIP-8456AE,BATCH-2026-C3BD1B,104250,WHS-IN-00023,PHARM-IN-00025,2026-02-03T21:21:20Z,delivered
SHIP-FF5D78,BATCH-2026-C3BD1B,208500,MFG-IN-00002,DIST-IN-00013,2026-01-25T00:21:20Z,delivered
SHIP-43BD7F,BATCH-2026-C3BD1B,208500,DIST-IN-00013,WHS-IN-00007,2026-02-04T04:21:20Z,delivered
SHIP-084A9A,BATCH-2026-C3BD1B,104250,WHS-IN-00007,PHARM-IN-00041,2026-02-10T08:21:20Z,delivered
SHIP-60ABA7,BATCH-2026-C3BD1B,104250,WHS-IN-00007,PHARM-IN-00045,2026-02-09T08:21:20Z,delivered
SHIP-474F87,BATCH-2025-B78E73,241000,MFG-IN-00006,DIST-IN-00019,2025-10-15T02:25:18Z,delivered
SHIP-8FA053,BATCH-2025-B78E73,241000,DIST-IN-00019,WHS-IN-00015,2025-10-18T10:25:18Z,delivered
SHIP-FCFB43,BATCH-2025-B78E73,120500,WHS-IN-00015,PHARM-IN-00049,2025-10-24T14:25:18Z,delivered
SHIP-098810,BATCH-2025-B78E73,120500,WHS-IN-00015,PHARM-IN-00016,2025-10-22T14:25:18Z,delivered
SHIP-CDE5B2,BATCH-2025-BAA28C,324000,MFG-IN-00014,DIST-IN-00007,2025-04-13T05:22:10Z,delivered
SHIP-D302E3,BATCH-2025-BAA28C,324000,DIST-IN-00007,WHS-IN-00009,2025-04-20T16:22:10Z,delivered
SHIP-3B7A63,BATCH-2025-BAA28C,162000,WHS-IN-00009,PHARM-IN-00027,2025-04-27T02:22:10Z,delivered
SHIP-7D0CD0,BATCH-2025-BAA28C,162000,WHS-IN-00009,PHARM-IN-00042,2025-04-27T02:22:10Z,delivered
SHIP-F9A36F,BATCH-2026-FFB2CD,87000,MFG-IN-00010,DIST-IN-00022,2026-01-29T21:38:37Z,delivered
SHIP-DB5F03,BATCH-2026-FFB2CD,87000,DIST-IN-00022,WHS-IN-00012,2026-02-07T05:38:37Z,delivered
SHIP-13A48B,BATCH-2026-FFB2CD,87000,WHS-IN-00012,PHARM-IN-00013,2026-02-09T06:38:37Z,delivered
SHIP-D48029,BATCH-2026-FFB2CD,87000,MFG-IN-00010,DIST-IN-00008,2026-01-28T12:38:37Z,delivered
SHIP-EA5416,BATCH-2026-FFB2CD,87000,DIST-IN-00008,WHS-IN-00016,2026-02-04T21:38:37Z,delivered
SHIP-3F8FEF,BATCH-2026-FFB2CD,87000,WHS-IN-00016,PHARM-IN-00047,2026-02-08T03:38:37Z,delivered
SHIP-04D3C7,BATCH-2025-7D4E3B,187500,MFG-IN-00001,DIST-IN-00010,2025-05-08T01:24:53Z,delivered
SHIP-51FA6E,BATCH-2025-7D4E3B,187500,DIST-IN-00010,WHS-IN-00006,2025-05-13T05:24:53Z,delivered
SHIP-2C3B4B,BATCH-2025-7D4E3B,93750,WHS-IN-00006,PHARM-IN-00028,2025-05-22T11:24:53Z,delivered
SHIP-B5A9E0,BATCH-2025-7D4E3B,93750,WHS-IN-00006,PHARM-IN-00033,2025-05-21T11:24:53Z,delivered
SHIP-4EB799,BATCH-2025-7D4E3B,187500,MFG-IN-00001,DIST-IN-00019,2025-05-07T12:24:53Z,delivered
SHIP-961CB9,BATCH-2025-7D4E3B,187500,DIST-IN-00019,WHS-IN-00035,2025-05-11T00:24:53Z,delivered
SHIP-122BAF,BATCH-2025-7D4E3B,93750,WHS-IN-00035,PHARM-IN-00030,2025-05-17T04:24:53Z,delivered
SHIP-B0580A,BATCH-2025-7D4E3B,93750,WHS-IN-00035,PHARM-IN-00019,2025-05-15T04:24:53Z,delivered
SHIP-6CB5A7,BATCH-2025-20B1AE,117000,MFG-IN-00003,DIST-IN-00001,2025-08-26T17:16:39Z,delivered
SHIP-E28E99,BATCH-2025-20B1AE,117000,DIST-IN-00001,WHS-IN-00024,2025-09-03T23:16:39Z,delivered
SHIP-03609C,BATCH-2025-20B1AE,58500,WHS-IN-00024,PHARM-IN-00003,2025-09-09T03:16:39Z,delivered
SHIP-7F53AB,BATCH-2025-20B1AE,58500,WHS-IN-00024,PHARM-IN-00059,2025-09-10T03:16:39Z,delivered
SHIP-BC3B92,BATCH-2025-20B1AE,117000,MFG-IN-00003,DIST-IN-00017,2025-08-26T18:16:39Z,delivered
SHIP-A13C09,BATCH-2025-20B1AE,117000,DIST-IN-00017,WHS-IN-00004,2025-09-06T04:16:39Z,delivered
SHIP-94B158,BATCH-2025-20B1AE,117000,WHS-IN-00004,PHARM-IN-00003,2025-09-13T10:16:39Z,delivered
SHIP-A2B7C8,BATCH-2025-996F26,208000,MFG-IN-00003,DIST-IN-00015,2025-11-30T06:27:52Z,delivered
SHIP-6DCF58,BATCH-2025-996F26,208000,DIST-IN-00015,WHS-IN-00001,2025-12-03T15:27:52Z,delivered
SHIP-5A189D,BATCH-2025-996F26,208000,WHS-IN-00001,PHARM-IN-00038,2025-12-06T01:27:52Z,delivered
SHIP-658123,BATCH-2026-BBA79F,21500,MFG-IN-00011,DIST-IN-00009,2026-06-20T08:34:41Z,delivered
SHIP-512F8F,BATCH-2026-BBA79F,21500,DIST-IN-00009,WHS-IN-00027,2026-06-30T17:34:41Z,delivered
SHIP-FA131C,BATCH-2026-BBA79F,7166,WHS-IN-00027,PHARM-IN-00018,2026-07-05T18:34:41Z,delivered
SHIP-A05C74,BATCH-2026-BBA79F,7167,WHS-IN-00027,PHARM-IN-00048,2026-07-05T18:34:41Z,delivered
SHIP-C1E2A7,BATCH-2026-BBA79F,7167,WHS-IN-00027,PHARM-IN-00014,2026-07-05T18:34:41Z,delivered
SHIP-440B11,BATCH-2026-BBA79F,21500,MFG-IN-00011,DIST-IN-00023,2026-06-20T22:34:41Z,delivered
SHIP-7F1316,BATCH-2026-BBA79F,21500,DIST-IN-00023,WHS-IN-00024,2026-06-27T00:34:41Z,delivered
SHIP-091558,BATCH-2026-BBA79F,21500,WHS-IN-00024,PHARM-IN-00008,2026-07-03T03:34:41Z,delivered
SHIP-B5377A,BATCH-2025-5C6461,380000,MFG-IN-00011,DIST-IN-00006,2025-09-22T08:53:00Z,delivered
SHIP-590EC0,BATCH-2025-5C6461,380000,DIST-IN-00006,WHS-IN-00011,2025-09-27T15:53:00Z,delivered
SHIP-0EA06F,BATCH-2025-5C6461,380000,WHS-IN-00011,PHARM-IN-00005,2025-10-03T16:53:00Z,delivered
SHIP-FA5FD2,BATCH-2025-97EDBF,345000,MFG-IN-00010,DIST-IN-00022,2025-11-10T17:07:55Z,delivered
SHIP-F6AEFF,BATCH-2025-97EDBF,345000,DIST-IN-00022,WHS-IN-00003,2025-11-12T21:07:55Z,delivered
SHIP-620ED3,BATCH-2025-97EDBF,345000,WHS-IN-00003,PHARM-IN-00034,2025-11-18T05:07:55Z,delivered
SHIP-42FA23,BATCH-2025-57CF44,169500,MFG-IN-00012,DIST-IN-00011,2025-10-13T07:01:28Z,delivered
SHIP-6ECFB6,BATCH-2025-57CF44,169500,DIST-IN-00011,WHS-IN-00025,2025-10-20T12:01:28Z,delivered
SHIP-7A70AC,BATCH-2025-57CF44,56500,WHS-IN-00025,PHARM-IN-00001,2025-10-25T17:01:28Z,delivered
SHIP-768A02,BATCH-2025-57CF44,56500,WHS-IN-00025,PHARM-IN-00030,2025-10-26T17:01:28Z,delivered
SHIP-9B5F38,BATCH-2025-57CF44,56500,WHS-IN-00025,PHARM-IN-00056,2025-10-24T17:01:28Z,delivered
SHIP-D62579,BATCH-2025-57CF44,169500,MFG-IN-00012,DIST-IN-00012,2025-10-13T19:01:28Z,delivered
SHIP-1B656C,BATCH-2025-57CF44,169500,DIST-IN-00012,WHS-IN-00001,2025-10-24T05:01:28Z,delivered
SHIP-7F0CDB,BATCH-2025-57CF44,56500,WHS-IN-00001,PHARM-IN-00052,2025-10-31T05:01:28Z,delivered
SHIP-5C4C23,BATCH-2025-57CF44,56500,WHS-IN-00001,PHARM-IN-00048,2025-10-31T05:01:28Z,delivered
SHIP-DF240D,BATCH-2025-57CF44,56500,WHS-IN-00001,PHARM-IN-00021,2025-10-31T05:01:28Z,delivered
SHIP-F566D0,BATCH-2026-BF5E7A,270000,MFG-IN-00011,DIST-IN-00007,2026-07-01T03:46:31Z,delivered
SHIP-EA820D,BATCH-2026-BF5E7A,270000,DIST-IN-00007,WHS-IN-00006,2026-07-05T05:46:31Z,delivered
SHIP-D487A8,BATCH-2026-BF5E7A,90000,WHS-IN-00006,PHARM-IN-00031,2026-07-11T07:46:31Z,delivered
SHIP-C6E713,BATCH-2026-BF5E7A,90000,WHS-IN-00006,PHARM-IN-00043,2026-07-10T07:46:31Z,delivered
SHIP-F0DB7F,BATCH-2026-BF5E7A,90000,WHS-IN-00006,PHARM-IN-00035,2026-07-11T07:46:31Z,delivered
SHIP-210E65,BATCH-2025-8303ED,495000,MFG-IN-00005,DIST-IN-00009,2025-08-02T02:50:26Z,delivered
SHIP-F56C4B,BATCH-2025-8303ED,495000,DIST-IN-00009,WHS-IN-00035,2025-08-09T12:50:26Z,delivered
SHIP-71C6F2,BATCH-2025-8303ED,165000,WHS-IN-00035,PHARM-IN-00060,2025-08-18T13:50:26Z,delivered
SHIP-DC17D2,BATCH-2025-8303ED,165000,WHS-IN-00035,PHARM-IN-00037,2025-08-17T13:50:26Z,delivered
SHIP-D95371,BATCH-2025-8303ED,165000,WHS-IN-00035,PHARM-IN-00050,2025-08-15T13:50:26Z,delivered
SHIP-AE7CC8,BATCH-2025-AF8A66,442000,MFG-IN-00003,DIST-IN-00004,2025-04-13T19:27:41Z,delivered
SHIP-9596C1,BATCH-2025-AF8A66,442000,DIST-IN-00004,WHS-IN-00024,2025-04-18T06:27:41Z,delivered
SHIP-E22882,BATCH-2025-AF8A66,442000,WHS-IN-00024,PHARM-IN-00038,2025-04-26T12:27:41Z,delivered
SHIP-F8AE50,BATCH-2026-D49CA5,458000,MFG-IN-00009,DIST-IN-00012,2026-07-13T12:15:19Z,delivered
SHIP-A0B969,BATCH-2026-D49CA5,458000,DIST-IN-00012,WHS-IN-00001,2026-07-20T13:15:19Z,delivered
SHIP-C11EB2,BATCH-2026-D49CA5,152666,WHS-IN-00001,PHARM-IN-00019,2026-07-28T18:15:19Z,delivered
SHIP-4AC693,BATCH-2026-D49CA5,152667,WHS-IN-00001,PHARM-IN-00054,2026-07-26T18:15:19Z,delivered
SHIP-FE319D,BATCH-2026-D49CA5,152667,WHS-IN-00001,PHARM-IN-00015,2026-07-27T18:15:19Z,delivered
SHIP-907E07,BATCH-2025-3BB0D2,189500,MFG-IN-00003,DIST-IN-00007,2025-07-06T08:12:47Z,delivered
SHIP-C8B5CE,BATCH-2025-3BB0D2,189500,DIST-IN-00007,WHS-IN-00010,2025-07-16T08:12:47Z,delivered
SHIP-268A63,BATCH-2025-3BB0D2,94750,WHS-IN-00010,PHARM-IN-00004,2025-07-20T19:12:47Z,delivered
SHIP-C7351E,BATCH-2025-3BB0D2,94750,WHS-IN-00010,PHARM-IN-00060,2025-07-21T19:12:47Z,delivered
SHIP-59009A,BATCH-2025-3BB0D2,189500,MFG-IN-00003,DIST-IN-00016,2025-07-05T08:12:47Z,delivered
SHIP-ECCA0A,BATCH-2025-3BB0D2,189500,DIST-IN-00016,WHS-IN-00023,2025-07-13T18:12:47Z,delivered
SHIP-0DC977,BATCH-2025-3BB0D2,189500,WHS-IN-00023,PHARM-IN-00060,2025-07-19T19:12:47Z,delivered
SHIP-714754,BATCH-2026-71CF93,395000,MFG-IN-00006,DIST-IN-00019,2026-01-24T21:27:50Z,delivered
SHIP-7A3EEF,BATCH-2026-71CF93,395000,DIST-IN-00019,WHS-IN-00009,2026-02-01T04:27:50Z,delivered
SHIP-D119D8,BATCH-2026-71CF93,395000,WHS-IN-00009,PHARM-IN-00052,2026-02-07T08:27:50Z,delivered
SHIP-FA41FF,BATCH-2026-00A6CD,99000,MFG-IN-00004,DIST-IN-00005,2026-02-16T02:05:04Z,delivered
SHIP-34A264,BATCH-2026-00A6CD,99000,DIST-IN-00005,WHS-IN-00023,2026-02-22T02:05:04Z,delivered
SHIP-CB0CCA,BATCH-2026-00A6CD,33000,WHS-IN-00023,PHARM-IN-00042,2026-02-28T02:05:04Z,delivered
SHIP-22EB98,BATCH-2026-00A6CD,33000,WHS-IN-00023,PHARM-IN-00022,2026-02-26T02:05:04Z,delivered
SHIP-DA39F1,BATCH-2026-00A6CD,33000,WHS-IN-00023,PHARM-IN-00038,2026-02-28T02:05:04Z,delivered
SHIP-D582E8,BATCH-2026-00A6CD,99000,MFG-IN-00004,DIST-IN-00013,2026-02-16T00:05:04Z,delivered
SHIP-F890B5,BATCH-2026-00A6CD,99000,DIST-IN-00013,WHS-IN-00030,2026-02-26T12:05:04Z,delivered
SHIP-640F31,BATCH-2026-00A6CD,99000,WHS-IN-00030,PHARM-IN-00008,2026-03-03T16:05:04Z,delivered
SHIP-838B62,BATCH-2026-44CF18,46000,MFG-IN-00005,DIST-IN-00017,2026-03-11T03:51:36Z,delivered
SHIP-A69D48,BATCH-2026-44CF18,46000,DIST-IN-00017,WHS-IN-00012,2026-03-19T07:51:36Z,delivered
SHIP-77FBFC,BATCH-2026-44CF18,46000,WHS-IN-00012,PHARM-IN-00009,2026-03-24T17:51:36Z,delivered
SHIP-4005DC,BATCH-2026-44CF18,46000,MFG-IN-00005,DIST-IN-00008,2026-03-10T15:51:36Z,delivered
SHIP-9F71DB,BATCH-2026-44CF18,46000,DIST-IN-00008,WHS-IN-00005,2026-03-16T21:51:36Z,delivered
SHIP-9FFEB1,BATCH-2026-44CF18,15333,WHS-IN-00005,PHARM-IN-00058,2026-03-23T09:51:36Z,delivered
SHIP-59E49C,BATCH-2026-44CF18,15333,WHS-IN-00005,PHARM-IN-00008,2026-03-21T09:51:36Z,delivered
SHIP-5D56B9,BATCH-2026-44CF18,15334,WHS-IN-00005,PHARM-IN-00012,2026-03-23T09:51:36Z,delivered
SHIP-945B20,BATCH-2025-CFED66,457000,MFG-IN-00003,DIST-IN-00009,2025-03-24T17:42:07Z,delivered
SHIP-4E61B2,BATCH-2025-CFED66,457000,DIST-IN-00009,WHS-IN-00024,2025-03-31T01:42:07Z,delivered
SHIP-CA762F,BATCH-2025-CFED66,457000,WHS-IN-00024,PHARM-IN-00003,2025-04-07T07:42:07Z,delivered
SHIP-AC8A6F,BATCH-2025-9E08F3,400000,MFG-IN-00002,DIST-IN-00016,2025-09-24T18:57:35Z,delivered
SHIP-5F3709,BATCH-2025-9E08F3,400000,DIST-IN-00016,WHS-IN-00007,2025-10-04T03:57:35Z,delivered
SHIP-616856,BATCH-2025-9E08F3,400000,WHS-IN-00007,PHARM-IN-00020,2025-10-07T06:57:35Z,delivered
SHIP-8D4EDF,BATCH-2026-04389A,494000,MFG-IN-00015,DIST-IN-00009,2026-01-20T17:04:46Z,delivered
SHIP-104E0E,BATCH-2026-04389A,494000,DIST-IN-00009,WHS-IN-00017,2026-01-28T18:04:46Z,delivered
SHIP-7F269B,BATCH-2026-04389A,494000,WHS-IN-00017,PHARM-IN-00017,2026-02-04T00:04:46Z,delivered
SHIP-41CBC6,BATCH-2025-8278ED,37000,MFG-IN-00015,DIST-IN-00024,2025-03-08T09:10:06Z,delivered
SHIP-AFC364,BATCH-2025-8278ED,37000,DIST-IN-00024,WHS-IN-00033,2025-03-15T20:10:06Z,delivered
SHIP-7993FD,BATCH-2025-8278ED,37000,WHS-IN-00033,PHARM-IN-00051,2025-03-22T02:10:06Z,delivered
SHIP-D0B676,BATCH-2025-76D5E2,124000,MFG-IN-00004,DIST-IN-00004,2025-04-20T16:14:08Z,delivered
SHIP-B98506,BATCH-2025-76D5E2,124000,DIST-IN-00004,WHS-IN-00006,2025-04-27T17:14:08Z,delivered
SHIP-8A5E65,BATCH-2025-76D5E2,124000,WHS-IN-00006,PHARM-IN-00052,2025-05-03T05:14:08Z,delivered
SHIP-16C66B,BATCH-2025-10C720,29000,MFG-IN-00002,DIST-IN-00008,2025-06-08T16:33:23Z,delivered
SHIP-E943A3,BATCH-2025-10C720,29000,DIST-IN-00008,WHS-IN-00032,2025-06-10T18:33:23Z,delivered
SHIP-6B460B,BATCH-2025-10C720,14500,WHS-IN-00032,PHARM-IN-00039,2025-06-15T05:33:23Z,delivered
SHIP-705288,BATCH-2025-10C720,14500,WHS-IN-00032,PHARM-IN-00007,2025-06-16T05:33:23Z,delivered
SHIP-B5B6CB,BATCH-2026-7336ED,325000,MFG-IN-00008,DIST-IN-00005,2026-02-13T08:50:47Z,delivered
SHIP-67D864,BATCH-2026-7336ED,325000,DIST-IN-00005,WHS-IN-00010,2026-02-19T18:50:47Z,delivered
SHIP-C2CFF4,BATCH-2026-7336ED,162500,WHS-IN-00010,PHARM-IN-00016,2026-02-27T18:50:47Z,delivered
SHIP-352678,BATCH-2026-7336ED,162500,WHS-IN-00010,PHARM-IN-00044,2026-02-24T18:50:47Z,delivered
SHIP-3352DE,BATCH-2025-92F2D9,290000,MFG-IN-00001,DIST-IN-00009,2025-08-02T21:05:44Z,delivered
SHIP-EDB489,BATCH-2025-92F2D9,290000,DIST-IN-00009,WHS-IN-00020,2025-08-09T01:05:44Z,delivered
SHIP-31EBC1,BATCH-2025-92F2D9,290000,WHS-IN-00020,PHARM-IN-00016,2025-08-13T02:05:44Z,delivered
SHIP-1CCFF7,BATCH-2025-800B3A,72000,MFG-IN-00013,DIST-IN-00010,2025-08-20T20:56:05Z,delivered
SHIP-B015CF,BATCH-2025-800B3A,72000,DIST-IN-00010,WHS-IN-00031,2025-08-26T02:56:05Z,delivered
SHIP-623F52,BATCH-2025-800B3A,36000,WHS-IN-00031,PHARM-IN-00059,2025-08-28T08:56:05Z,delivered
SHIP-D44BED,BATCH-2025-800B3A,36000,WHS-IN-00031,PHARM-IN-00054,2025-08-29T08:56:05Z,delivered
SHIP-F8CD0C,BATCH-2025-4D28BC,219000,MFG-IN-00011,DIST-IN-00022,2025-04-06T08:48:36Z,delivered
SHIP-ED0146,BATCH-2025-4D28BC,219000,DIST-IN-00022,WHS-IN-00009,2025-04-13T09:48:36Z,delivered
SHIP-EFA4FF,BATCH-2025-4D28BC,109500,WHS-IN-00009,PHARM-IN-00011,2025-04-17T09:48:36Z,delivered
SHIP-F59BE7,BATCH-2025-4D28BC,109500,WHS-IN-00009,PHARM-IN-00024,2025-04-21T09:48:36Z,delivered
SHIP-F2E111,BATCH-2025-4D28BC,219000,MFG-IN-00011,DIST-IN-00025,2025-04-07T00:48:36Z,delivered
SHIP-169743,BATCH-2025-4D28BC,219000,DIST-IN-00025,WHS-IN-00001,2025-04-16T04:48:36Z,delivered
SHIP-2AA524,BATCH-2025-4D28BC,73000,WHS-IN-00001,PHARM-IN-00042,2025-04-21T07:48:36Z,delivered
SHIP-B436F9,BATCH-2025-4D28BC,73000,WHS-IN-00001,PHARM-IN-00033,2025-04-21T07:48:36Z,delivered
SHIP-F88A0B,BATCH-2025-4D28BC,73000,WHS-IN-00001,PHARM-IN-00053,2025-04-23T07:48:36Z,delivered
SHIP-EEB794,BATCH-2025-3AC93A,229000,MFG-IN-00001,DIST-IN-00024,2025-06-05T13:27:58Z,delivered
SHIP-323766,BATCH-2025-3AC93A,229000,DIST-IN-00024,WHS-IN-00028,2025-06-12T13:27:58Z,delivered
SHIP-0ECD86,BATCH-2025-3AC93A,114500,WHS-IN-00028,PHARM-IN-00059,2025-06-15T14:27:58Z,delivered
SHIP-93E9D1,BATCH-2025-3AC93A,114500,WHS-IN-00028,PHARM-IN-00032,2025-06-16T14:27:58Z,delivered
SHIP-D2B604,BATCH-2025-8FEA95,278000,MFG-IN-00004,DIST-IN-00014,2025-07-09T21:47:03Z,delivered
SHIP-F1E58E,BATCH-2025-8FEA95,278000,DIST-IN-00014,WHS-IN-00029,2025-07-14T22:47:03Z,delivered
SHIP-B6B7A3,BATCH-2025-8FEA95,278000,WHS-IN-00029,PHARM-IN-00057,2025-07-19T03:47:03Z,delivered
SHIP-D3F180,BATCH-2025-45F2E1,32000,MFG-IN-00009,DIST-IN-00013,2025-12-17T05:35:06Z,delivered
SHIP-5FCC9A,BATCH-2025-45F2E1,32000,DIST-IN-00013,WHS-IN-00013,2025-12-24T05:35:06Z,delivered
SHIP-EA6313,BATCH-2025-45F2E1,16000,WHS-IN-00013,PHARM-IN-00032,2025-12-29T06:35:06Z,delivered
SHIP-8BDEAD,BATCH-2025-45F2E1,16000,WHS-IN-00013,PHARM-IN-00052,2026-01-01T06:35:06Z,delivered
SHIP-196434,BATCH-2025-E2806F,93000,MFG-IN-00005,DIST-IN-00001,2025-11-18T06:42:44Z,delivered
SHIP-18ABDC,BATCH-2025-E2806F,93000,DIST-IN-00001,WHS-IN-00004,2025-11-25T18:42:44Z,delivered
SHIP-C86B4D,BATCH-2025-E2806F,46500,WHS-IN-00004,PHARM-IN-00019,2025-11-30T00:42:44Z,delivered
SHIP-217AB1,BATCH-2025-E2806F,46500,WHS-IN-00004,PHARM-IN-00032,2025-12-04T00:42:44Z,delivered
SHIP-BCDE40,BATCH-2025-E2806F,93000,MFG-IN-00005,DIST-IN-00005,2025-11-17T15:42:44Z,delivered
SHIP-D3FAAB,BATCH-2025-E2806F,93000,DIST-IN-00005,WHS-IN-00028,2025-11-23T02:42:44Z,delivered
SHIP-19063D,BATCH-2025-E2806F,46500,WHS-IN-00028,PHARM-IN-00033,2025-11-29T13:42:44Z,delivered
SHIP-D6B529,BATCH-2025-E2806F,46500,WHS-IN-00028,PHARM-IN-00040,2025-11-29T13:42:44Z,delivered
SHIP-884739,BATCH-2026-15DB97,78000,MFG-IN-00011,DIST-IN-00007,2026-05-12T02:27:50Z,delivered
SHIP-62DB87,BATCH-2026-15DB97,78000,DIST-IN-00007,WHS-IN-00006,2026-05-14T11:27:50Z,delivered
SHIP-80F84B,BATCH-2026-15DB97,39000,WHS-IN-00006,PHARM-IN-00015,2026-05-22T17:27:50Z,delivered
SHIP-287809,BATCH-2026-15DB97,39000,WHS-IN-00006,PHARM-IN-00022,2026-05-19T17:27:50Z,delivered
SHIP-2F046F,BATCH-2026-544D89,366000,MFG-IN-00006,DIST-IN-00012,2026-08-01T10:24:29Z,delivered
SHIP-0EDCE6,BATCH-2026-544D89,366000,DIST-IN-00012,WHS-IN-00003,2026-08-05T10:24:29Z,delivered
SHIP-C575CC,BATCH-2026-544D89,366000,WHS-IN-00003,PHARM-IN-00031,2026-08-09T20:24:29Z,delivered
SHIP-D7CC15,BATCH-2025-E684CB,28000,MFG-IN-00013,DIST-IN-00016,2025-04-04T21:16:45Z,delivered
SHIP-F53348,BATCH-2025-E684CB,28000,DIST-IN-00016,WHS-IN-00001,2025-04-13T22:16:45Z,delivered
SHIP-444C03,BATCH-2025-E684CB,14000,WHS-IN-00001,PHARM-IN-00024,2025-04-21T03:16:45Z,delivered
SHIP-AAEB7D,BATCH-2025-E684CB,14000,WHS-IN-00001,PHARM-IN-00048,2025-04-18T03:16:45Z,delivered
SHIP-55F738,BATCH-2025-69E1FB,487000,MFG-IN-00013,DIST-IN-00024,2025-03-20T20:11:00Z,delivered
SHIP-267703,BATCH-2025-69E1FB,487000,DIST-IN-00024,WHS-IN-00013,2025-03-28T05:11:00Z,delivered
SHIP-72C7D3,BATCH-2025-69E1FB,162333,WHS-IN-00013,PHARM-IN-00040,2025-04-05T06:11:00Z,delivered
SHIP-26EC34,BATCH-2025-69E1FB,162333,WHS-IN-00013,PHARM-IN-00022,2025-04-02T06:11:00Z,delivered
SHIP-3A0DED,BATCH-2025-69E1FB,162334,WHS-IN-00013,PHARM-IN-00020,2025-04-06T06:11:00Z,delivered
SHIP-0A976A,BATCH-2025-95E18B,197500,MFG-IN-00014,DIST-IN-00015,2025-08-28T21:06:39Z,delivered
SHIP-5E1240,BATCH-2025-95E18B,197500,DIST-IN-00015,WHS-IN-00034,2025-09-04T04:06:39Z,delivered
SHIP-BB4D1B,BATCH-2025-95E18B,98750,WHS-IN-00034,PHARM-IN-00009,2025-09-06T06:06:39Z,delivered
SHIP-4B9492,BATCH-2025-95E18B,98750,WHS-IN-00034,PHARM-IN-00019,2025-09-09T06:06:39Z,delivered
SHIP-E564C6,BATCH-2025-95E18B,197500,MFG-IN-00014,DIST-IN-00021,2025-08-28T04:06:39Z,delivered
SHIP-3FE463,BATCH-2025-95E18B,197500,DIST-IN-00021,WHS-IN-00025,2025-09-05T16:06:39Z,delivered
SHIP-13918E,BATCH-2025-95E18B,197500,WHS-IN-00025,PHARM-IN-00037,2025-09-10T19:06:39Z,delivered
SHIP-07BC84,BATCH-2026-61F5DB,149000,MFG-IN-00014,DIST-IN-00024,2026-07-10T23:43:07Z,delivered
SHIP-C826D9,BATCH-2026-61F5DB,149000,DIST-IN-00024,WHS-IN-00018,2026-07-19T02:43:07Z,delivered
SHIP-B347B2,BATCH-2026-61F5DB,149000,WHS-IN-00018,PHARM-IN-00016,2026-07-23T04:43:07Z,delivered
SHIP-247A23,BATCH-2026-CE201F,91500,MFG-IN-00007,DIST-IN-00009,2026-01-21T16:17:05Z,delivered
SHIP-55A38A,BATCH-2026-CE201F,91500,DIST-IN-00009,WHS-IN-00001,2026-01-29T19:17:05Z,delivered
SHIP-84713C,BATCH-2026-CE201F,91500,WHS-IN-00001,PHARM-IN-00046,2026-02-07T05:17:05Z,delivered
SHIP-8C9FDB,BATCH-2026-CE201F,91500,MFG-IN-00007,DIST-IN-00005,2026-01-22T15:17:05Z,delivered
SHIP-A3AE46,BATCH-2026-CE201F,91500,DIST-IN-00005,WHS-IN-00001,2026-01-28T20:17:05Z,delivered
SHIP-5A7016,BATCH-2026-CE201F,91500,WHS-IN-00001,PHARM-IN-00002,2026-02-05T07:17:05Z,delivered
SHIP-E004EE,BATCH-2026-8F1D04,210000,MFG-IN-00008,DIST-IN-00009,2026-03-27T19:00:12Z,delivered
SHIP-EE8264,BATCH-2026-8F1D04,210000,DIST-IN-00009,WHS-IN-00021,2026-04-02T02:00:12Z,delivered
SHIP-8512D8,BATCH-2026-8F1D04,210000,WHS-IN-00021,PHARM-IN-00015,2026-04-08T11:00:12Z,delivered
SHIP-9A7518,BATCH-2026-8F1D04,210000,MFG-IN-00008,DIST-IN-00021,2026-03-26T13:00:12Z,delivered
SHIP-1EBCE7,BATCH-2026-8F1D04,210000,DIST-IN-00021,WHS-IN-00012,2026-04-01T15:00:12Z,delivered
SHIP-0F5467,BATCH-2026-8F1D04,70000,WHS-IN-00012,PHARM-IN-00012,2026-04-05T00:00:12Z,delivered
SHIP-47568C,BATCH-2026-8F1D04,70000,WHS-IN-00012,PHARM-IN-00042,2026-04-08T00:00:12Z,delivered
SHIP-BADADB,BATCH-2026-8F1D04,70000,WHS-IN-00012,PHARM-IN-00019,2026-04-05T00:00:12Z,delivered
SHIP-D5A77E,BATCH-2026-D16BD1,144500,MFG-IN-00002,DIST-IN-00013,2026-05-30T06:32:36Z,delivered
SHIP-8C1F42,BATCH-2026-D16BD1,144500,DIST-IN-00013,WHS-IN-00025,2026-06-04T15:32:36Z,delivered
SHIP-306F13,BATCH-2026-D16BD1,72250,WHS-IN-00025,PHARM-IN-00042,2026-06-06T16:32:36Z,delivered
SHIP-041711,BATCH-2026-D16BD1,72250,WHS-IN-00025,PHARM-IN-00060,2026-06-08T16:32:36Z,delivered
SHIP-E4834E,BATCH-2026-D16BD1,144500,MFG-IN-00002,DIST-IN-00004,2026-05-29T22:32:36Z,delivered
SHIP-DE93D9,BATCH-2026-D16BD1,144500,DIST-IN-00004,WHS-IN-00006,2026-06-02T06:32:36Z,delivered
SHIP-C492D8,BATCH-2026-D16BD1,48166,WHS-IN-00006,PHARM-IN-00020,2026-06-06T13:32:36Z,delivered
SHIP-60F674,BATCH-2026-D16BD1,48167,WHS-IN-00006,PHARM-IN-00022,2026-06-09T13:32:36Z,delivered
SHIP-278C08,BATCH-2026-D16BD1,48167,WHS-IN-00006,PHARM-IN-00031,2026-06-05T13:32:36Z,delivered
SHIP-FA4432,BATCH-2026-C4543C,166000,MFG-IN-00002,DIST-IN-00008,2026-07-10T22:25:38Z,delivered
SHIP-857B82,BATCH-2026-C4543C,166000,DIST-IN-00008,WHS-IN-00023,2026-07-21T04:25:38Z,delivered
SHIP-11FA09,BATCH-2026-C4543C,83000,WHS-IN-00023,PHARM-IN-00046,2026-07-25T07:25:38Z,delivered
SHIP-EF5832,BATCH-2026-C4543C,83000,WHS-IN-00023,PHARM-IN-00053,2026-07-26T07:25:38Z,delivered
SHIP-09E6D4,BATCH-2026-C2A936,189000,MFG-IN-00007,DIST-IN-00011,2026-08-02T17:08:52Z,delivered
SHIP-1F9F45,BATCH-2026-C2A936,189000,DIST-IN-00011,WHS-IN-00012,2026-08-07T17:08:52Z,delivered
SHIP-0E1A9D,BATCH-2026-C2A936,94500,WHS-IN-00012,PHARM-IN-00010,2026-08-14T02:08:52Z,delivered
SHIP-1F3B99,BATCH-2026-C2A936,94500,WHS-IN-00012,PHARM-IN-00058,2026-08-14T02:08:52Z,delivered
SHIP-0633DD,BATCH-2026-273AED,75000,MFG-IN-00014,DIST-IN-00023,2026-06-04T22:39:44Z,delivered
SHIP-1E41B3,BATCH-2026-273AED,75000,DIST-IN-00023,WHS-IN-00025,2026-06-11T03:39:44Z,delivered
SHIP-8E2815,BATCH-2026-273AED,37500,WHS-IN-00025,PHARM-IN-00047,2026-06-17T04:39:44Z,delivered
SHIP-2891FD,BATCH-2026-273AED,37500,WHS-IN-00025,PHARM-IN-00018,2026-06-17T04:39:44Z,delivered
SHIP-F04035,BATCH-2026-273AED,75000,MFG-IN-00014,DIST-IN-00003,2026-06-05T20:39:44Z,delivered
SHIP-BED2C7,BATCH-2026-273AED,75000,DIST-IN-00003,WHS-IN-00022,2026-06-12T03:39:44Z,delivered
SHIP-8EAAA7,BATCH-2026-273AED,37500,WHS-IN-00022,PHARM-IN-00035,2026-06-19T09:39:44Z,delivered
SHIP-DB4D83,BATCH-2026-273AED,37500,WHS-IN-00022,PHARM-IN-00032,2026-06-19T09:39:44Z,delivered
SHIP-62F9EC,BATCH-2025-219831,248500,MFG-IN-00011,DIST-IN-00008,2025-11-21T17:36:37Z,delivered
SHIP-972DDC,BATCH-2025-219831,248500,DIST-IN-00008,WHS-IN-00009,2025-11-23T22:36:37Z,delivered
SHIP-AB1712,BATCH-2025-219831,82833,WHS-IN-00009,PHARM-IN-00056,2025-11-27T03:36:37Z,delivered
SHIP-151DE4,BATCH-2025-219831,82833,WHS-IN-00009,PHARM-IN-00050,2025-11-30T03:36:37Z,delivered
SHIP-7F6396,BATCH-2025-219831,82834,WHS-IN-00009,PHARM-IN-00053,2025-11-27T03:36:37Z,delivered
SHIP-265242,BATCH-2025-219831,248500,MFG-IN-00011,DIST-IN-00012,2025-11-21T11:36:37Z,delivered
SHIP-CB5FFA,BATCH-2025-219831,248500,DIST-IN-00012,WHS-IN-00028,2025-11-26T17:36:37Z,delivered
SHIP-A3CBF3,BATCH-2025-219831,124250,WHS-IN-00028,PHARM-IN-00005,2025-12-03T04:36:37Z,delivered
SHIP-46CF89,BATCH-2025-219831,124250,WHS-IN-00028,PHARM-IN-00031,2025-12-01T04:36:37Z,delivered
SHIP-9006BB,BATCH-2025-AB735E,44000,MFG-IN-00010,DIST-IN-00019,2025-03-14T09:41:59Z,delivered
SHIP-6ADC47,BATCH-2025-AB735E,44000,DIST-IN-00019,WHS-IN-00034,2025-03-22T16:41:59Z,delivered
SHIP-B97B7A,BATCH-2025-AB735E,22000,WHS-IN-00034,PHARM-IN-00029,2025-03-26T23:41:59Z,delivered
SHIP-431AD5,BATCH-2025-AB735E,22000,WHS-IN-00034,PHARM-IN-00051,2025-03-26T23:41:59Z,delivered
SHIP-7276C0,BATCH-2025-CFA444,319000,MFG-IN-00006,DIST-IN-00001,2025-12-10T11:55:23Z,delivered
SHIP-EDD722,BATCH-2025-CFA444,319000,DIST-IN-00001,WHS-IN-00033,2025-12-17T19:55:23Z,delivered
SHIP-FAE971,BATCH-2025-CFA444,319000,WHS-IN-00033,PHARM-IN-00006,2025-12-25T01:55:23Z,delivered
SHIP-BAEFAF,BATCH-2026-238712,303000,MFG-IN-00006,DIST-IN-00002,2026-01-24T20:37:41Z,delivered
SHIP-D4637A,BATCH-2026-238712,303000,DIST-IN-00002,WHS-IN-00030,2026-01-31T07:37:41Z,delivered
SHIP-CE9B57,BATCH-2026-238712,101000,WHS-IN-00030,PHARM-IN-00011,2026-02-06T17:37:41Z,delivered
SHIP-E6976F,BATCH-2026-238712,101000,WHS-IN-00030,PHARM-IN-00004,2026-02-04T17:37:41Z,delivered
SHIP-4AFAE9,BATCH-2026-238712,101000,WHS-IN-00030,PHARM-IN-00052,2026-02-08T17:37:41Z,delivered
SHIP-2A9883,BATCH-2026-814910,137000,MFG-IN-00007,DIST-IN-00018,2026-07-01T16:41:23Z,delivered
SHIP-FD2BBC,BATCH-2026-814910,137000,DIST-IN-00018,WHS-IN-00020,2026-07-06T01:41:23Z,delivered
SHIP-0FA4D6,BATCH-2026-814910,137000,WHS-IN-00020,PHARM-IN-00006,2026-07-13T11:41:23Z,delivered
SHIP-D36BF5,BATCH-2026-CF0750,477000,MFG-IN-00003,DIST-IN-00011,2026-03-21T22:28:17Z,delivered
SHIP-A6342A,BATCH-2026-CF0750,477000,DIST-IN-00011,WHS-IN-00026,2026-03-28T03:28:17Z,delivered
SHIP-F98ED1,BATCH-2026-CF0750,238500,WHS-IN-00026,PHARM-IN-00009,2026-03-31T08:28:17Z,delivered
SHIP-D716B4,BATCH-2026-CF0750,238500,WHS-IN-00026,PHARM-IN-00045,2026-04-04T08:28:17Z,delivered
SHIP-1557FA,BATCH-2025-CE2473,365000,MFG-IN-00005,DIST-IN-00002,2025-07-31T01:52:57Z,delivered
SHIP-AA73BB,BATCH-2025-CE2473,365000,DIST-IN-00002,WHS-IN-00006,2025-08-08T11:52:57Z,delivered
SHIP-6D1DC8,BATCH-2025-CE2473,121666,WHS-IN-00006,PHARM-IN-00052,2025-08-11T22:52:57Z,delivered
SHIP-EF2475,BATCH-2025-CE2473,121667,WHS-IN-00006,PHARM-IN-00044,2025-08-13T22:52:57Z,delivered
SHIP-5BEBCD,BATCH-2025-CE2473,121667,WHS-IN-00006,PHARM-IN-00042,2025-08-12T22:52:57Z,delivered
SHIP-DE37AE,BATCH-2026-384CA7,470000,MFG-IN-00003,DIST-IN-00020,2026-02-02T06:41:11Z,delivered
SHIP-B51B99,BATCH-2026-384CA7,470000,DIST-IN-00020,WHS-IN-00007,2026-02-05T15:41:11Z,delivered
SHIP-EEAF34,BATCH-2026-384CA7,235000,WHS-IN-00007,PHARM-IN-00052,2026-02-09T03:41:11Z,delivered
SHIP-FE93BE,BATCH-2026-384CA7,235000,WHS-IN-00007,PHARM-IN-00051,2026-02-11T03:41:11Z,delivered
SHIP-6E3B18,BATCH-2026-5831B4,373000,MFG-IN-00013,DIST-IN-00019,2026-07-18T15:26:09Z,delivered
SHIP-631785,BATCH-2026-5831B4,373000,DIST-IN-00019,WHS-IN-00030,2026-07-22T16:26:09Z,delivered
SHIP-8BA8CE,BATCH-2026-5831B4,186500,WHS-IN-00030,PHARM-IN-00009,2026-07-31T20:26:09Z,delivered
SHIP-FA1984,BATCH-2026-5831B4,186500,WHS-IN-00030,PHARM-IN-00008,2026-07-29T20:26:09Z,delivered
SHIP-B78B25,BATCH-2025-540DE5,416000,MFG-IN-00005,DIST-IN-00017,2025-06-19T04:06:38Z,delivered
SHIP-C4D8A7,BATCH-2025-540DE5,416000,DIST-IN-00017,WHS-IN-00033,2025-06-26T05:06:38Z,delivered
SHIP-3C419F,BATCH-2025-540DE5,208000,WHS-IN-00033,PHARM-IN-00042,2025-07-01T15:06:38Z,delivered
SHIP-572926,BATCH-2025-540DE5,208000,WHS-IN-00033,PHARM-IN-00004,2025-07-02T15:06:38Z,delivered
SHIP-126554,BATCH-2025-BDBA7B,207000,MFG-IN-00002,DIST-IN-00008,2025-06-04T14:51:09Z,delivered
SHIP-59D631,BATCH-2025-BDBA7B,207000,DIST-IN-00008,WHS-IN-00030,2025-06-11T19:51:09Z,delivered
SHIP-3D18D6,BATCH-2025-BDBA7B,207000,WHS-IN-00030,PHARM-IN-00007,2025-06-19T20:51:09Z,delivered
SHIP-D6F1A0,BATCH-2025-BDBA7B,207000,MFG-IN-00002,DIST-IN-00013,2025-06-03T17:51:09Z,delivered
SHIP-923BD7,BATCH-2025-BDBA7B,207000,DIST-IN-00013,WHS-IN-00032,2025-06-06T22:51:09Z,delivered
SHIP-E21437,BATCH-2025-BDBA7B,103500,WHS-IN-00032,PHARM-IN-00035,2025-06-14T23:51:09Z,delivered
SHIP-AAD70D,BATCH-2025-BDBA7B,103500,WHS-IN-00032,PHARM-IN-00010,2025-06-13T23:51:09Z,delivered
SHIP-025F87,BATCH-2026-AB864E,323000,MFG-IN-00009,DIST-IN-00012,2026-02-14T07:04:34Z,delivered
SHIP-2FC1C1,BATCH-2026-AB864E,323000,DIST-IN-00012,WHS-IN-00002,2026-02-22T07:04:34Z,delivered
SHIP-9EA02B,BATCH-2026-AB864E,161500,WHS-IN-00002,PHARM-IN-00006,2026-02-27T11:04:34Z,delivered
SHIP-64FD60,BATCH-2026-AB864E,161500,WHS-IN-00002,PHARM-IN-00010,2026-03-01T11:04:34Z,delivered
SHIP-CB03E7,BATCH-2026-939F83,201500,MFG-IN-00007,DIST-IN-00009,2026-03-27T12:40:38Z,delivered
SHIP-D5680C,BATCH-2026-939F83,201500,DIST-IN-00009,WHS-IN-00011,2026-04-02T17:40:38Z,delivered
SHIP-101DD5,BATCH-2026-939F83,100750,WHS-IN-00011,PHARM-IN-00045,2026-04-07T23:40:38Z,delivered
SHIP-0CE30C,BATCH-2026-939F83,100750,WHS-IN-00011,PHARM-IN-00051,2026-04-06T23:40:38Z,delivered
SHIP-E6A67B,BATCH-2026-939F83,201500,MFG-IN-00007,DIST-IN-00006,2026-03-28T03:40:38Z,delivered
SHIP-672BDE,BATCH-2026-939F83,201500,DIST-IN-00006,WHS-IN-00030,2026-04-02T03:40:38Z,delivered
SHIP-E436BB,BATCH-2026-939F83,100750,WHS-IN-00030,PHARM-IN-00044,2026-04-09T08:40:38Z,delivered
SHIP-E9C657,BATCH-2026-939F83,100750,WHS-IN-00030,PHARM-IN-00027,2026-04-10T08:40:38Z,delivered
SHIP-607394,BATCH-2025-3DD669,120000,MFG-IN-00002,DIST-IN-00007,2025-10-20T15:49:26Z,delivered
SHIP-BFD635,BATCH-2025-3DD669,120000,DIST-IN-00007,WHS-IN-00014,2025-10-26T18:49:26Z,delivered
SHIP-2221B6,BATCH-2025-3DD669,120000,WHS-IN-00014,PHARM-IN-00058,2025-10-30T23:49:26Z,delivered
SHIP-D7581B,BATCH-2025-3DD669,120000,MFG-IN-00002,DIST-IN-00014,2025-10-21T22:49:26Z,delivered
SHIP-96B14E,BATCH-2025-3DD669,120000,DIST-IN-00014,WHS-IN-00023,2025-10-29T04:49:26Z,delivered
SHIP-338B2A,BATCH-2025-3DD669,120000,WHS-IN-00023,PHARM-IN-00012,2025-11-06T12:49:26Z,delivered
SHIP-99132A,BATCH-2026-6CC1AE,403000,MFG-IN-00006,DIST-IN-00006,2026-04-21T08:02:27Z,delivered
SHIP-A3EA6E,BATCH-2026-6CC1AE,403000,DIST-IN-00006,WHS-IN-00019,2026-05-01T12:02:27Z,delivered
SHIP-2E02AE,BATCH-2026-6CC1AE,403000,WHS-IN-00019,PHARM-IN-00002,2026-05-07T13:02:27Z,delivered
SHIP-F5E79B,BATCH-2025-7E9FDC,82500,MFG-IN-00015,DIST-IN-00020,2025-05-21T02:31:51Z,delivered
SHIP-F52471,BATCH-2025-7E9FDC,82500,DIST-IN-00020,WHS-IN-00019,2025-05-29T10:31:51Z,delivered
SHIP-8E04E5,BATCH-2025-7E9FDC,41250,WHS-IN-00019,PHARM-IN-00008,2025-06-04T13:31:51Z,delivered
SHIP-AA50DD,BATCH-2025-7E9FDC,41250,WHS-IN-00019,PHARM-IN-00013,2025-06-04T13:31:51Z,delivered
SHIP-1EA519,BATCH-2025-7E9FDC,82500,MFG-IN-00015,DIST-IN-00018,2025-05-20T00:31:51Z,delivered
SHIP-7E4193,BATCH-2025-7E9FDC,82500,DIST-IN-00018,WHS-IN-00020,2025-05-27T04:31:51Z,delivered
SHIP-D3A93A,BATCH-2025-7E9FDC,82500,WHS-IN-00020,PHARM-IN-00002,2025-05-31T04:31:51Z,delivered
SHIP-23FCEE,BATCH-2025-77F926,443000,MFG-IN-00015,DIST-IN-00019,2025-11-11T09:20:15Z,delivered
SHIP-187A98,BATCH-2025-77F926,443000,DIST-IN-00019,WHS-IN-00004,2025-11-20T12:20:15Z,delivered
SHIP-05771C,BATCH-2025-77F926,147666,WHS-IN-00004,PHARM-IN-00012,2025-11-27T14:20:15Z,delivered
SHIP-296A95,BATCH-2025-77F926,147667,WHS-IN-00004,PHARM-IN-00026,2025-11-25T14:20:15Z,delivered
SHIP-0AF013,BATCH-2025-77F926,147667,WHS-IN-00004,PHARM-IN-00058,2025-11-29T14:20:15Z,delivered
SHIP-D82961,BATCH-2025-2E1BC6,162000,MFG-IN-00011,DIST-IN-00006,2025-05-21T10:20:36Z,delivered
SHIP-2F75EB,BATCH-2025-2E1BC6,162000,DIST-IN-00006,WHS-IN-00001,2025-05-28T10:20:36Z,delivered
SHIP-462C43,BATCH-2025-2E1BC6,81000,WHS-IN-00001,PHARM-IN-00002,2025-06-01T10:20:36Z,delivered
SHIP-A77CF2,BATCH-2025-2E1BC6,81000,WHS-IN-00001,PHARM-IN-00048,2025-06-01T10:20:36Z,delivered
SHIP-AE0299,BATCH-2025-2E1BC6,162000,MFG-IN-00011,DIST-IN-00011,2025-05-22T00:20:36Z,delivered
SHIP-C030EE,BATCH-2025-2E1BC6,162000,DIST-IN-00011,WHS-IN-00025,2025-05-27T08:20:36Z,delivered
SHIP-3E91D7,BATCH-2025-2E1BC6,54000,WHS-IN-00025,PHARM-IN-00041,2025-05-29T12:20:36Z,delivered
SHIP-3EB398,BATCH-2025-2E1BC6,54000,WHS-IN-00025,PHARM-IN-00002,2025-05-29T12:20:36Z,delivered
SHIP-704121,BATCH-2025-2E1BC6,54000,WHS-IN-00025,PHARM-IN-00038,2025-05-30T12:20:36Z,delivered
SHIP-87EDB0,BATCH-2026-E142FE,48500,MFG-IN-00011,DIST-IN-00007,2026-05-18T23:06:32Z,delivered
SHIP-C94F73,BATCH-2026-E142FE,48500,DIST-IN-00007,WHS-IN-00032,2026-05-26T05:06:32Z,delivered
SHIP-387CE9,BATCH-2026-E142FE,48500,WHS-IN-00032,PHARM-IN-00021,2026-05-31T08:06:32Z,delivered
SHIP-D901DD,BATCH-2026-E142FE,48500,MFG-IN-00011,DIST-IN-00013,2026-05-17T16:06:32Z,delivered
SHIP-6C377B,BATCH-2026-E142FE,48500,DIST-IN-00013,WHS-IN-00008,2026-05-23T02:06:32Z,delivered
SHIP-D27989,BATCH-2026-E142FE,48500,WHS-IN-00008,PHARM-IN-00048,2026-05-29T09:06:32Z,delivered
SHIP-5E03ED,BATCH-2025-4D0240,33000,MFG-IN-00010,DIST-IN-00017,2025-03-12T00:55:12Z,delivered
SHIP-D01622,BATCH-2025-4D0240,33000,DIST-IN-00017,WHS-IN-00008,2025-03-16T03:55:12Z,delivered
SHIP-4586F5,BATCH-2025-4D0240,33000,WHS-IN-00008,PHARM-IN-00047,2025-03-19T08:55:12Z,delivered
SHIP-3A6584,BATCH-2026-227DAA,264000,MFG-IN-00013,DIST-IN-00003,2026-06-10T23:22:34Z,delivered
SHIP-6DD2FB,BATCH-2026-227DAA,264000,DIST-IN-00003,WHS-IN-00028,2026-06-19T06:22:34Z,delivered
SHIP-D3942F,BATCH-2026-227DAA,264000,WHS-IN-00028,PHARM-IN-00044,2026-06-26T09:22:34Z,delivered
SHIP-DD51CA,BATCH-2025-EBE1B2,162000,MFG-IN-00005,DIST-IN-00007,2025-08-25T07:51:18Z,delivered
SHIP-3AFA44,BATCH-2025-EBE1B2,162000,DIST-IN-00007,WHS-IN-00021,2025-09-03T13:51:18Z,delivered
SHIP-46C84E,BATCH-2025-EBE1B2,81000,WHS-IN-00021,PHARM-IN-00037,2025-09-07T22:51:18Z,delivered
SHIP-08045A,BATCH-2025-EBE1B2,81000,WHS-IN-00021,PHARM-IN-00023,2025-09-05T22:51:18Z,delivered
SHIP-DFB4A7,BATCH-2026-7839A2,257000,MFG-IN-00001,DIST-IN-00021,2026-01-24T08:50:25Z,delivered
SHIP-946B0C,BATCH-2026-7839A2,257000,DIST-IN-00021,WHS-IN-00012,2026-01-31T08:50:25Z,delivered
SHIP-874BB0,BATCH-2026-7839A2,257000,WHS-IN-00012,PHARM-IN-00005,2026-02-06T20:50:25Z,delivered
SHIP-97FCF6,BATCH-2025-94ACCB,192500,MFG-IN-00010,DIST-IN-00004,2025-10-16T14:57:36Z,delivered
SHIP-2BBA41,BATCH-2025-94ACCB,192500,DIST-IN-00004,WHS-IN-00014,2025-10-22T01:57:36Z,delivered
SHIP-8DA147,BATCH-2025-94ACCB,192500,WHS-IN-00014,PHARM-IN-00039,2025-10-27T04:57:36Z,delivered
SHIP-BC9DF8,BATCH-2025-94ACCB,192500,MFG-IN-00010,DIST-IN-00001,2025-10-16T15:57:36Z,delivered
SHIP-94A59A,BATCH-2025-94ACCB,192500,DIST-IN-00001,WHS-IN-00028,2025-10-21T00:57:36Z,delivered
SHIP-FB0802,BATCH-2025-94ACCB,192500,WHS-IN-00028,PHARM-IN-00032,2025-10-28T03:57:36Z,delivered
SHIP-0971BA,BATCH-2026-C1FA54,173000,MFG-IN-00003,DIST-IN-00015,2026-03-21T13:55:31Z,delivered
SHIP-061AF2,BATCH-2026-C1FA54,173000,DIST-IN-00015,WHS-IN-00016,2026-03-29T22:55:31Z,delivered
SHIP-568148,BATCH-2026-C1FA54,86500,WHS-IN-00016,PHARM-IN-00055,2026-04-01T02:55:31Z,delivered
SHIP-0764C3,BATCH-2026-C1FA54,86500,WHS-IN-00016,PHARM-IN-00037,2026-04-04T02:55:31Z,delivered
SHIP-CFBF6D,BATCH-2025-9CAF1D,59000,MFG-IN-00005,DIST-IN-00001,2025-08-24T19:32:34Z,delivered
SHIP-A3A28E,BATCH-2025-9CAF1D,59000,DIST-IN-00001,WHS-IN-00020,2025-08-29T07:32:34Z,delivered
SHIP-2F77B8,BATCH-2025-9CAF1D,29500,WHS-IN-00020,PHARM-IN-00036,2025-09-04T19:32:34Z,delivered
SHIP-E7B6B6,BATCH-2025-9CAF1D,29500,WHS-IN-00020,PHARM-IN-00050,2025-09-05T19:32:34Z,delivered
SHIP-24A950,BATCH-2025-77D130,426000,MFG-IN-00007,DIST-IN-00021,2025-08-24T19:05:36Z,delivered
SHIP-327B4A,BATCH-2025-77D130,426000,DIST-IN-00021,WHS-IN-00004,2025-08-26T19:05:36Z,delivered
SHIP-9BD60F,BATCH-2025-77D130,142000,WHS-IN-00004,PHARM-IN-00047,2025-08-30T20:05:36Z,delivered
SHIP-9F8FC9,BATCH-2025-77D130,142000,WHS-IN-00004,PHARM-IN-00028,2025-09-02T20:05:36Z,delivered
SHIP-2B4446,BATCH-2025-77D130,142000,WHS-IN-00004,PHARM-IN-00015,2025-08-31T20:05:36Z,delivered
SHIP-49B245,BATCH-2025-BA327A,132500,MFG-IN-00012,DIST-IN-00003,2025-07-13T06:45:50Z,delivered
SHIP-2ED35F,BATCH-2025-BA327A,132500,DIST-IN-00003,WHS-IN-00009,2025-07-22T10:45:50Z,delivered
SHIP-0CC63E,BATCH-2025-BA327A,132500,WHS-IN-00009,PHARM-IN-00010,2025-07-31T11:45:50Z,delivered
SHIP-C67652,BATCH-2025-BA327A,132500,MFG-IN-00012,DIST-IN-00009,2025-07-13T04:45:50Z,delivered
SHIP-E2E237,BATCH-2025-BA327A,132500,DIST-IN-00009,WHS-IN-00031,2025-07-20T12:45:50Z,delivered
SHIP-4B98DE,BATCH-2025-BA327A,66250,WHS-IN-00031,PHARM-IN-00031,2025-07-25T16:45:50Z,delivered
SHIP-616DA8,BATCH-2025-BA327A,66250,WHS-IN-00031,PHARM-IN-00015,2025-07-25T16:45:50Z,delivered
SHIP-67A4C4,BATCH-2026-85F602,28000,MFG-IN-00015,DIST-IN-00024,2026-03-05T11:39:14Z,delivered
SHIP-1346FD,BATCH-2026-85F602,28000,DIST-IN-00024,WHS-IN-00001,2026-03-15T11:39:14Z,delivered
SHIP-EB0E2F,BATCH-2026-85F602,28000,WHS-IN-00001,PHARM-IN-00007,2026-03-20T18:39:14Z,delivered
SHIP-C4E505,BATCH-2026-85F602,28000,MFG-IN-00015,DIST-IN-00007,2026-03-07T07:39:14Z,delivered
SHIP-9A2808,BATCH-2026-85F602,28000,DIST-IN-00007,WHS-IN-00010,2026-03-15T18:39:14Z,delivered
SHIP-203160,BATCH-2026-85F602,9333,WHS-IN-00010,PHARM-IN-00025,2026-03-21T20:39:14Z,delivered
SHIP-C9149D,BATCH-2026-85F602,9333,WHS-IN-00010,PHARM-IN-00029,2026-03-18T20:39:14Z,delivered
SHIP-59E91C,BATCH-2026-85F602,9334,WHS-IN-00010,PHARM-IN-00056,2026-03-18T20:39:14Z,delivered
SHIP-B0D172,BATCH-2026-4A3B56,34000,MFG-IN-00004,DIST-IN-00004,2026-05-11T17:19:20Z,delivered
SHIP-148B7F,BATCH-2026-4A3B56,34000,DIST-IN-00004,WHS-IN-00018,2026-05-14T00:19:20Z,delivered
SHIP-22A979,BATCH-2026-4A3B56,34000,WHS-IN-00018,PHARM-IN-00008,2026-05-23T10:19:20Z,delivered
SHIP-C606C8,BATCH-2025-6D091A,443000,MFG-IN-00010,DIST-IN-00013,2025-09-27T01:44:09Z,delivered
SHIP-FE0CCA,BATCH-2025-6D091A,443000,DIST-IN-00013,WHS-IN-00018,2025-10-03T01:44:09Z,delivered
SHIP-057C04,BATCH-2025-6D091A,221500,WHS-IN-00018,PHARM-IN-00028,2025-10-07T01:44:09Z,delivered
SHIP-B7D567,BATCH-2025-6D091A,221500,WHS-IN-00018,PHARM-IN-00013,2025-10-09T01:44:09Z,delivered
SHIP-5A0580,BATCH-2025-E56147,197000,MFG-IN-00015,DIST-IN-00004,2025-11-24T19:35:21Z,delivered
SHIP-B17E55,BATCH-2025-E56147,197000,DIST-IN-00004,WHS-IN-00008,2025-11-27T20:35:21Z,delivered
SHIP-DAA34A,BATCH-2025-E56147,197000,WHS-IN-00008,PHARM-IN-00035,2025-11-30T05:35:21Z,delivered
SHIP-56EC37,BATCH-2025-118A94,47000,MFG-IN-00010,DIST-IN-00004,2025-11-23T11:55:58Z,delivered
SHIP-80D725,BATCH-2025-118A94,47000,DIST-IN-00004,WHS-IN-00011,2025-11-28T18:55:58Z,delivered
SHIP-EB0000,BATCH-2025-118A94,23500,WHS-IN-00011,PHARM-IN-00019,2025-12-03T04:55:58Z,delivered
SHIP-939CB4,BATCH-2025-118A94,23500,WHS-IN-00011,PHARM-IN-00047,2025-12-05T04:55:58Z,delivered
SHIP-E84B5D,BATCH-2026-E2A0BA,37500,MFG-IN-00013,DIST-IN-00006,2026-06-14T11:03:54Z,delivered
SHIP-BCC18C,BATCH-2026-E2A0BA,37500,DIST-IN-00006,WHS-IN-00028,2026-06-18T21:03:54Z,delivered
SHIP-C9B9C7,BATCH-2026-E2A0BA,12500,WHS-IN-00028,PHARM-IN-00011,2026-06-20T23:03:54Z,delivered
SHIP-2E85D0,BATCH-2026-E2A0BA,12500,WHS-IN-00028,PHARM-IN-00044,2026-06-23T23:03:54Z,delivered
SHIP-A29A26,BATCH-2026-E2A0BA,12500,WHS-IN-00028,PHARM-IN-00049,2026-06-20T23:03:54Z,delivered
SHIP-58E9D8,BATCH-2026-E2A0BA,37500,MFG-IN-00013,DIST-IN-00011,2026-06-14T16:03:54Z,delivered
SHIP-68CF32,BATCH-2026-E2A0BA,37500,DIST-IN-00011,WHS-IN-00007,2026-06-18T04:03:54Z,delivered
SHIP-A91E33,BATCH-2026-E2A0BA,18750,WHS-IN-00007,PHARM-IN-00048,2026-06-26T16:03:54Z,delivered
SHIP-4EC1AD,BATCH-2026-E2A0BA,18750,WHS-IN-00007,PHARM-IN-00023,2026-06-24T16:03:54Z,delivered
SHIP-61DC5A,BATCH-2026-9134D5,198000,MFG-IN-00013,DIST-IN-00010,2026-04-24T15:44:20Z,delivered
SHIP-6F48CB,BATCH-2026-9134D5,198000,DIST-IN-00010,WHS-IN-00034,2026-05-04T16:44:20Z,delivered
SHIP-DFBBA6,BATCH-2026-9134D5,66000,WHS-IN-00034,PHARM-IN-00043,2026-05-09T18:44:20Z,delivered
SHIP-51C7BA,BATCH-2026-9134D5,66000,WHS-IN-00034,PHARM-IN-00010,2026-05-08T18:44:20Z,delivered
SHIP-FE1909,BATCH-2026-9134D5,66000,WHS-IN-00034,PHARM-IN-00023,2026-05-07T18:44:20Z,delivered
SHIP-60ABF3,BATCH-2026-9134D5,198000,MFG-IN-00013,DIST-IN-00023,2026-04-23T23:44:20Z,delivered
SHIP-D188FD,BATCH-2026-9134D5,198000,DIST-IN-00023,WHS-IN-00017,2026-05-04T07:44:20Z,delivered
SHIP-13126E,BATCH-2026-9134D5,99000,WHS-IN-00017,PHARM-IN-00018,2026-05-09T12:44:20Z,delivered
SHIP-5E3D96,BATCH-2026-9134D5,99000,WHS-IN-00017,PHARM-IN-00020,2026-05-12T12:44:20Z,delivered
SHIP-724F72,BATCH-2026-9E8B7F,33000,MFG-IN-00009,DIST-IN-00012,2026-03-09T17:07:40Z,delivered
SHIP-48D252,BATCH-2026-9E8B7F,33000,DIST-IN-00012,WHS-IN-00030,2026-03-17T00:07:40Z,delivered
SHIP-93928C,BATCH-2026-9E8B7F,16500,WHS-IN-00030,PHARM-IN-00043,2026-03-22T08:07:40Z,delivered
SHIP-B0A026,BATCH-2026-9E8B7F,16500,WHS-IN-00030,PHARM-IN-00011,2026-03-22T08:07:40Z,delivered
SHIP-C4A50E,BATCH-2026-325569,86000,MFG-IN-00006,DIST-IN-00019,2026-03-22T12:03:48Z,delivered
SHIP-F5E151,BATCH-2026-325569,86000,DIST-IN-00019,WHS-IN-00028,2026-03-29T16:03:48Z,delivered
SHIP-7BB7CA,BATCH-2026-325569,86000,WHS-IN-00028,PHARM-IN-00057,2026-04-02T16:03:48Z,delivered
SHIP-7BA10F,BATCH-2025-3DBCCA,325000,MFG-IN-00015,DIST-IN-00024,2025-06-20T08:15:27Z,delivered
SHIP-6E57B1,BATCH-2025-3DBCCA,325000,DIST-IN-00024,WHS-IN-00003,2025-06-25T12:15:27Z,delivered
SHIP-3B0ED2,BATCH-2025-3DBCCA,162500,WHS-IN-00003,PHARM-IN-00058,2025-07-01T15:15:27Z,delivered
SHIP-FE0D96,BATCH-2025-3DBCCA,162500,WHS-IN-00003,PHARM-IN-00007,2025-06-30T15:15:27Z,delivered
SHIP-879A20,BATCH-2026-6A1B09,126500,MFG-IN-00009,DIST-IN-00005,2026-04-26T21:40:07Z,delivered
SHIP-4355A2,BATCH-2026-6A1B09,126500,DIST-IN-00005,WHS-IN-00020,2026-05-02T03:40:07Z,delivered
SHIP-AB60BF,BATCH-2026-6A1B09,63250,WHS-IN-00020,PHARM-IN-00025,2026-05-07T07:40:07Z,delivered
SHIP-680818,BATCH-2026-6A1B09,63250,WHS-IN-00020,PHARM-IN-00051,2026-05-06T07:40:07Z,delivered
SHIP-1A3317,BATCH-2026-6A1B09,126500,MFG-IN-00009,DIST-IN-00022,2026-04-27T08:40:07Z,delivered
SHIP-30CC66,BATCH-2026-6A1B09,126500,DIST-IN-00022,WHS-IN-00030,2026-05-02T14:40:07Z,delivered
SHIP-B2BF87,BATCH-2026-6A1B09,126500,WHS-IN-00030,PHARM-IN-00009,2026-05-09T02:40:07Z,delivered
SHIP-1D741D,BATCH-2025-24CE66,417000,MFG-IN-00011,DIST-IN-00012,2026-01-04T03:52:24Z,delivered
SHIP-632A37,BATCH-2025-24CE66,417000,DIST-IN-00012,WHS-IN-00009,2026-01-11T03:52:24Z,delivered
SHIP-580BBB,BATCH-2025-24CE66,139000,WHS-IN-00009,PHARM-IN-00006,2026-01-13T10:52:24Z,delivered
SHIP-6C048D,BATCH-2025-24CE66,139000,WHS-IN-00009,PHARM-IN-00004,2026-01-15T10:52:24Z,delivered
SHIP-13E5C3,BATCH-2025-24CE66,139000,WHS-IN-00009,PHARM-IN-00018,2026-01-13T10:52:24Z,delivered
SHIP-7B44DC,BATCH-2025-4E4D68,48500,MFG-IN-00005,DIST-IN-00017,2025-03-29T20:19:46Z,delivered
SHIP-601B2F,BATCH-2025-4E4D68,48500,DIST-IN-00017,WHS-IN-00010,2025-04-05T22:19:46Z,delivered
SHIP-3E7F2E,BATCH-2025-4E4D68,16166,WHS-IN-00010,PHARM-IN-00040,2025-04-10T09:19:46Z,delivered
SHIP-3C6888,BATCH-2025-4E4D68,16167,WHS-IN-00010,PHARM-IN-00045,2025-04-14T09:19:46Z,delivered
SHIP-6CF1FF,BATCH-2025-4E4D68,16167,WHS-IN-00010,PHARM-IN-00013,2025-04-11T09:19:46Z,delivered
SHIP-BECE88,BATCH-2025-4E4D68,48500,MFG-IN-00005,DIST-IN-00005,2025-03-27T22:19:46Z,delivered
SHIP-C82867,BATCH-2025-4E4D68,48500,DIST-IN-00005,WHS-IN-00008,2025-04-04T04:19:46Z,delivered
SHIP-9D3C1C,BATCH-2025-4E4D68,16166,WHS-IN-00008,PHARM-IN-00054,2025-04-11T11:19:46Z,delivered
SHIP-5510F2,BATCH-2025-4E4D68,16167,WHS-IN-00008,PHARM-IN-00055,2025-04-12T11:19:46Z,delivered
SHIP-D99EBD,BATCH-2025-4E4D68,16167,WHS-IN-00008,PHARM-IN-00035,2025-04-10T11:19:46Z,delivered
SHIP-197516,BATCH-2025-4F0080,26000,MFG-IN-00010,DIST-IN-00024,2025-06-11T06:44:19Z,delivered
SHIP-25A7C1,BATCH-2025-4F0080,26000,DIST-IN-00024,WHS-IN-00019,2025-06-21T13:44:19Z,delivered
SHIP-4F3503,BATCH-2025-4F0080,26000,WHS-IN-00019,PHARM-IN-00018,2025-06-26T22:44:19Z,delivered
SHIP-09B61E,BATCH-2026-6A4ED4,221000,MFG-IN-00008,DIST-IN-00014,2026-01-04T07:37:50Z,delivered
SHIP-B23BF8,BATCH-2026-6A4ED4,221000,DIST-IN-00014,WHS-IN-00025,2026-01-08T14:37:50Z,delivered
SHIP-FAE60A,BATCH-2026-6A4ED4,221000,WHS-IN-00025,PHARM-IN-00059,2026-01-14T14:37:50Z,delivered
SHIP-B252AA,BATCH-2025-8AB351,275000,MFG-IN-00013,DIST-IN-00006,2025-04-04T17:00:26Z,delivered
SHIP-63DDB4,BATCH-2025-8AB351,275000,DIST-IN-00006,WHS-IN-00033,2025-04-07T22:00:26Z,delivered
SHIP-7051D5,BATCH-2025-8AB351,275000,WHS-IN-00033,PHARM-IN-00047,2025-04-15T08:00:26Z,delivered
SHIP-661749,BATCH-2026-612856,170000,MFG-IN-00011,DIST-IN-00025,2026-03-30T04:36:14Z,delivered
SHIP-F7BFEF,BATCH-2026-612856,170000,DIST-IN-00025,WHS-IN-00025,2026-04-04T14:36:14Z,delivered
SHIP-771FF4,BATCH-2026-612856,170000,WHS-IN-00025,PHARM-IN-00021,2026-04-11T23:36:14Z,delivered
SHIP-55B975,BATCH-2026-4DF5D4,356000,MFG-IN-00009,DIST-IN-00001,2026-04-13T21:16:15Z,delivered
SHIP-286F57,BATCH-2026-4DF5D4,356000,DIST-IN-00001,WHS-IN-00032,2026-04-21T07:16:15Z,delivered
SHIP-93EE70,BATCH-2026-4DF5D4,118666,WHS-IN-00032,PHARM-IN-00052,2026-04-27T12:16:15Z,delivered
SHIP-D89D40,BATCH-2026-4DF5D4,118667,WHS-IN-00032,PHARM-IN-00059,2026-04-29T12:16:15Z,delivered
SHIP-17E251,BATCH-2026-4DF5D4,118667,WHS-IN-00032,PHARM-IN-00047,2026-04-26T12:16:15Z,delivered
SHIP-0460FA,BATCH-2025-84425D,125000,MFG-IN-00004,DIST-IN-00012,2025-09-22T09:03:22Z,delivered
SHIP-6A9EFE,BATCH-2025-84425D,125000,DIST-IN-00012,WHS-IN-00007,2025-09-29T11:03:22Z,delivered
SHIP-29E867,BATCH-2025-84425D,41666,WHS-IN-00007,PHARM-IN-00037,2025-10-05T17:03:22Z,delivered
SHIP-C67CBD,BATCH-2025-84425D,41667,WHS-IN-00007,PHARM-IN-00036,2025-10-06T17:03:22Z,delivered
SHIP-C724D8,BATCH-2025-84425D,41667,WHS-IN-00007,PHARM-IN-00013,2025-10-07T17:03:22Z,delivered
SHIP-768918,BATCH-2026-00A5A7,86000,MFG-IN-00012,DIST-IN-00022,2026-08-03T05:00:16Z,delivered
SHIP-F918AD,BATCH-2026-00A5A7,86000,DIST-IN-00022,WHS-IN-00027,2026-08-10T05:00:16Z,delivered
SHIP-9C135A,BATCH-2026-00A5A7,43000,WHS-IN-00027,PHARM-IN-00059,2026-08-16T10:00:16Z,delivered
SHIP-273061,BATCH-2026-00A5A7,43000,WHS-IN-00027,PHARM-IN-00047,2026-08-16T10:00:16Z,delivered
SHIP-C65533,BATCH-2026-00A5A7,86000,MFG-IN-00012,DIST-IN-00004,2026-08-04T01:00:16Z,delivered
SHIP-C0C600,BATCH-2026-00A5A7,86000,DIST-IN-00004,WHS-IN-00029,2026-08-10T13:00:16Z,delivered
SHIP-50563D,BATCH-2026-00A5A7,86000,WHS-IN-00029,PHARM-IN-00034,2026-08-17T14:00:16Z,delivered
SHIP-F47549,BATCH-2025-8D023A,303000,MFG-IN-00015,DIST-IN-00020,2025-09-28T09:46:58Z,delivered
SHIP-AA5175,BATCH-2025-8D023A,303000,DIST-IN-00020,WHS-IN-00017,2025-10-03T12:46:58Z,delivered
SHIP-120294,BATCH-2025-8D023A,101000,WHS-IN-00017,PHARM-IN-00005,2025-10-08T13:46:58Z,delivered
SHIP-ED01B7,BATCH-2025-8D023A,101000,WHS-IN-00017,PHARM-IN-00035,2025-10-11T13:46:58Z,delivered
SHIP-F3C4B6,BATCH-2025-8D023A,101000,WHS-IN-00017,PHARM-IN-00037,2025-10-09T13:46:58Z,delivered
SHIP-00B056,BATCH-2025-326C8A,31000,MFG-IN-00007,DIST-IN-00007,2025-06-09T18:30:46Z,delivered
SHIP-1A7C6D,BATCH-2025-326C8A,31000,DIST-IN-00007,WHS-IN-00022,2025-06-16T20:30:46Z,delivered
SHIP-93F18A,BATCH-2025-326C8A,31000,WHS-IN-00022,PHARM-IN-00037,2025-06-22T23:30:46Z,delivered
SHIP-D0150F,BATCH-2026-45425F,196000,MFG-IN-00002,DIST-IN-00020,2026-01-25T19:29:18Z,delivered
SHIP-E6C71E,BATCH-2026-45425F,196000,DIST-IN-00020,WHS-IN-00003,2026-01-30T21:29:18Z,delivered
SHIP-B31B79,BATCH-2026-45425F,98000,WHS-IN-00003,PHARM-IN-00028,2026-02-04T04:29:18Z,delivered
SHIP-3A9068,BATCH-2026-45425F,98000,WHS-IN-00003,PHARM-IN-00031,2026-02-02T04:29:18Z,delivered
SHIP-A18CDD,BATCH-2026-45425F,196000,MFG-IN-00002,DIST-IN-00024,2026-01-27T09:29:18Z,delivered
SHIP-4AC67D,BATCH-2026-45425F,196000,DIST-IN-00024,WHS-IN-00004,2026-02-01T17:29:18Z,delivered
SHIP-424465,BATCH-2026-45425F,98000,WHS-IN-00004,PHARM-IN-00028,2026-02-08T04:29:18Z,delivered
SHIP-975980,BATCH-2026-45425F,98000,WHS-IN-00004,PHARM-IN-00036,2026-02-11T04:29:18Z,delivered
SHIP-956026,BATCH-2026-250AB2,80000,MFG-IN-00014,DIST-IN-00002,2026-04-26T02:46:30Z,delivered
SHIP-8F82D2,BATCH-2026-250AB2,80000,DIST-IN-00002,WHS-IN-00015,2026-05-01T11:46:30Z,delivered
SHIP-6C9576,BATCH-2026-250AB2,26666,WHS-IN-00015,PHARM-IN-00016,2026-05-03T23:46:30Z,delivered
SHIP-ED7D7C,BATCH-2026-250AB2,26667,WHS-IN-00015,PHARM-IN-00053,2026-05-04T23:46:30Z,delivered
SHIP-A1D914,BATCH-2026-250AB2,26667,WHS-IN-00015,PHARM-IN-00004,2026-05-05T23:46:30Z,delivered
SHIP-A4057A,BATCH-2025-14969F,176000,MFG-IN-00010,DIST-IN-00016,2025-08-21T01:44:43Z,delivered
SHIP-F57137,BATCH-2025-14969F,176000,DIST-IN-00016,WHS-IN-00035,2025-08-24T02:44:43Z,delivered
SHIP-AAE0B6,BATCH-2025-14969F,58666,WHS-IN-00035,PHARM-IN-00055,2025-08-31T13:44:43Z,delivered
SHIP-283B0E,BATCH-2025-14969F,58667,WHS-IN-00035,PHARM-IN-00015,2025-08-30T13:44:43Z,delivered
SHIP-697523,BATCH-2025-14969F,58667,WHS-IN-00035,PHARM-IN-00029,2025-08-29T13:44:43Z,delivered
SHIP-6EEE65,BATCH-2025-14969F,176000,MFG-IN-00010,DIST-IN-00022,2025-08-20T00:44:43Z,delivered
SHIP-5BB321,BATCH-2025-14969F,176000,DIST-IN-00022,WHS-IN-00034,2025-08-23T03:44:43Z,delivered
SHIP-7C4CC7,BATCH-2025-14969F,176000,WHS-IN-00034,PHARM-IN-00047,2025-08-28T14:44:43Z,delivered
SHIP-F6459C,BATCH-2025-18400B,89500,MFG-IN-00004,DIST-IN-00015,2025-05-02T02:49:31Z,delivered
SHIP-69E9E3,BATCH-2025-18400B,89500,DIST-IN-00015,WHS-IN-00025,2025-05-06T06:49:31Z,delivered
SHIP-BC9CC6,BATCH-2025-18400B,29833,WHS-IN-00025,PHARM-IN-00025,2025-05-11T06:49:31Z,delivered
SHIP-4E0437,BATCH-2025-18400B,29833,WHS-IN-00025,PHARM-IN-00032,2025-05-09T06:49:31Z,delivered
SHIP-226CBD,BATCH-2025-18400B,29834,WHS-IN-00025,PHARM-IN-00002,2025-05-11T06:49:31Z,delivered
SHIP-71F5FF,BATCH-2025-18400B,89500,MFG-IN-00004,DIST-IN-00004,2025-04-30T21:49:31Z,delivered
SHIP-D35699,BATCH-2025-18400B,89500,DIST-IN-00004,WHS-IN-00017,2025-05-08T21:49:31Z,delivered
SHIP-4A8A8E,BATCH-2025-18400B,89500,WHS-IN-00017,PHARM-IN-00054,2025-05-16T09:49:31Z,delivered
SHIP-62FB80,BATCH-2025-1B5461,109000,MFG-IN-00013,DIST-IN-00018,2025-02-19T10:35:20Z,delivered
SHIP-132B61,BATCH-2025-1B5461,109000,DIST-IN-00018,WHS-IN-00011,2025-02-27T16:35:20Z,delivered
SHIP-5040AC,BATCH-2025-1B5461,109000,WHS-IN-00011,PHARM-IN-00001,2025-03-07T03:35:20Z,delivered
SHIP-9417FF,BATCH-2025-1B5461,109000,MFG-IN-00013,DIST-IN-00013,2025-02-19T10:35:20Z,delivered
SHIP-508FA8,BATCH-2025-1B5461,109000,DIST-IN-00013,WHS-IN-00003,2025-02-27T15:35:20Z,delivered
SHIP-A8D1BF,BATCH-2025-1B5461,54500,WHS-IN-00003,PHARM-IN-00051,2025-03-07T20:35:20Z,delivered
SHIP-979072,BATCH-2025-1B5461,54500,WHS-IN-00003,PHARM-IN-00042,2025-03-07T20:35:20Z,delivered
SHIP-40AC67,BATCH-2025-054065,340000,MFG-IN-00004,DIST-IN-00001,2025-10-22T10:59:59Z,delivered
SHIP-181F09,BATCH-2025-054065,340000,DIST-IN-00001,WHS-IN-00031,2025-11-01T10:59:59Z,delivered
SHIP-7DB38B,BATCH-2025-054065,170000,WHS-IN-00031,PHARM-IN-00006,2025-11-08T16:59:59Z,delivered
SHIP-912B21,BATCH-2025-054065,170000,WHS-IN-00031,PHARM-IN-00018,2025-11-05T16:59:59Z,delivered
SHIP-6EB861,BATCH-2026-5D42AD,477000,MFG-IN-00002,DIST-IN-00016,2026-04-05T05:57:41Z,delivered
SHIP-1C3435,BATCH-2026-5D42AD,477000,DIST-IN-00016,WHS-IN-00015,2026-04-08T07:57:41Z,delivered
SHIP-3B8B0A,BATCH-2026-5D42AD,238500,WHS-IN-00015,PHARM-IN-00003,2026-04-11T09:57:41Z,delivered
SHIP-93137E,BATCH-2026-5D42AD,238500,WHS-IN-00015,PHARM-IN-00036,2026-04-12T09:57:41Z,delivered
SHIP-810D88,BATCH-2025-7242EB,413000,MFG-IN-00014,DIST-IN-00002,2025-03-16T20:25:25Z,delivered
SHIP-D0C685,BATCH-2025-7242EB,413000,DIST-IN-00002,WHS-IN-00033,2025-03-23T21:25:25Z,delivered
SHIP-8E5CF6,BATCH-2025-7242EB,413000,WHS-IN-00033,PHARM-IN-00021,2025-03-30T05:25:25Z,delivered
SHIP-C05E3A,BATCH-2025-D8173A,162000,MFG-IN-00012,DIST-IN-00014,2025-03-15T11:25:12Z,delivered
SHIP-246A1B,BATCH-2025-D8173A,162000,DIST-IN-00014,WHS-IN-00022,2025-03-20T16:25:12Z,delivered
SHIP-442E95,BATCH-2025-D8173A,81000,WHS-IN-00022,PHARM-IN-00011,2025-03-24T23:25:12Z,delivered
SHIP-7DE717,BATCH-2025-D8173A,81000,WHS-IN-00022,PHARM-IN-00024,2025-03-24T23:25:12Z,delivered
SHIP-8F6789,BATCH-2026-38324A,465000,MFG-IN-00006,DIST-IN-00025,2026-02-05T10:40:50Z,delivered
SHIP-65615F,BATCH-2026-38324A,465000,DIST-IN-00025,WHS-IN-00003,2026-02-14T13:40:50Z,delivered
SHIP-CA59C0,BATCH-2026-38324A,155000,WHS-IN-00003,PHARM-IN-00060,2026-02-21T19:40:50Z,delivered
SHIP-D0D475,BATCH-2026-38324A,155000,WHS-IN-00003,PHARM-IN-00015,2026-02-21T19:40:50Z,delivered
SHIP-BE4039,BATCH-2026-38324A,155000,WHS-IN-00003,PHARM-IN-00037,2026-02-21T19:40:50Z,delivered
SHIP-CBBA69,BATCH-2025-7BDB86,179000,MFG-IN-00008,DIST-IN-00019,2025-07-14T09:15:53Z,delivered
SHIP-1DA621,BATCH-2025-7BDB86,179000,DIST-IN-00019,WHS-IN-00015,2025-07-21T12:15:53Z,delivered
SHIP-D916F5,BATCH-2025-7BDB86,89500,WHS-IN-00015,PHARM-IN-00029,2025-07-28T23:15:53Z,delivered
SHIP-89D222,BATCH-2025-7BDB86,89500,WHS-IN-00015,PHARM-IN-00047,2025-07-29T23:15:53Z,delivered
SHIP-8D7788,BATCH-2025-50B527,193500,MFG-IN-00011,DIST-IN-00015,2025-07-09T03:00:08Z,delivered
SHIP-C0A9F1,BATCH-2025-50B527,193500,DIST-IN-00015,WHS-IN-00027,2025-07-17T11:00:08Z,delivered
SHIP-156F7C,BATCH-2025-50B527,96750,WHS-IN-00027,PHARM-IN-00022,2025-07-20T20:00:08Z,delivered
SHIP-979882,BATCH-2025-50B527,96750,WHS-IN-00027,PHARM-IN-00021,2025-07-24T20:00:08Z,delivered
SHIP-16E161,BATCH-2025-50B527,193500,MFG-IN-00011,DIST-IN-00014,2025-07-09T07:00:08Z,delivered
SHIP-BD1E39,BATCH-2025-50B527,193500,DIST-IN-00014,WHS-IN-00001,2025-07-13T09:00:08Z,delivered
SHIP-FB06B2,BATCH-2025-50B527,96750,WHS-IN-00001,PHARM-IN-00046,2025-07-18T15:00:08Z,delivered
SHIP-1BCEFA,BATCH-2025-50B527,96750,WHS-IN-00001,PHARM-IN-00060,2025-07-18T15:00:08Z,delivered
SHIP-E0A338,BATCH-2025-A48CCB,216500,MFG-IN-00010,DIST-IN-00005,2025-07-03T07:27:44Z,delivered
SHIP-06BB22,BATCH-2025-A48CCB,216500,DIST-IN-00005,WHS-IN-00026,2025-07-13T12:27:44Z,delivered
SHIP-BB9D81,BATCH-2025-A48CCB,216500,WHS-IN-00026,PHARM-IN-00058,2025-07-18T23:27:44Z,delivered
SHIP-9B041B,BATCH-2025-A48CCB,216500,MFG-IN-00010,DIST-IN-00017,2025-07-02T11:27:44Z,delivered
SHIP-9AD28D,BATCH-2025-A48CCB,216500,DIST-IN-00017,WHS-IN-00029,2025-07-11T18:27:44Z,delivered
SHIP-E5EF1C,BATCH-2025-A48CCB,108250,WHS-IN-00029,PHARM-IN-00047,2025-07-20T22:27:44Z,delivered
SHIP-0B0382,BATCH-2025-A48CCB,108250,WHS-IN-00029,PHARM-IN-00012,2025-07-20T22:27:44Z,delivered
SHIP-BE7303,BATCH-2026-BF12D8,104000,MFG-IN-00002,DIST-IN-00015,2026-07-19T03:50:00Z,delivered
SHIP-776AD1,BATCH-2026-BF12D8,104000,DIST-IN-00015,WHS-IN-00015,2026-07-25T15:50:00Z,delivered
SHIP-D42270,BATCH-2026-BF12D8,52000,WHS-IN-00015,PHARM-IN-00058,2026-08-03T20:50:00Z,delivered
SHIP-8B12E8,BATCH-2026-BF12D8,52000,WHS-IN-00015,PHARM-IN-00034,2026-08-02T20:50:00Z,delivered
SHIP-8B3D8A,BATCH-2025-18D3EC,103000,MFG-IN-00015,DIST-IN-00002,2025-02-19T10:19:21Z,delivered
SHIP-502C72,BATCH-2025-18D3EC,103000,DIST-IN-00002,WHS-IN-00007,2025-02-25T19:19:21Z,delivered
SHIP-E6C7B7,BATCH-2025-18D3EC,103000,WHS-IN-00007,PHARM-IN-00032,2025-03-04T21:19:21Z,delivered
SHIP-7F18E1,BATCH-2025-18D3EC,103000,MFG-IN-00015,DIST-IN-00024,2025-02-18T23:19:21Z,delivered
SHIP-003C05,BATCH-2025-18D3EC,103000,DIST-IN-00024,WHS-IN-00010,2025-02-21T02:19:21Z,delivered
SHIP-11C8DB,BATCH-2025-18D3EC,103000,WHS-IN-00010,PHARM-IN-00058,2025-02-24T10:19:21Z,delivered
SHIP-0EB088,BATCH-2025-66F1BC,71500,MFG-IN-00005,DIST-IN-00001,2025-10-06T06:40:42Z,delivered
SHIP-AA2A7C,BATCH-2025-66F1BC,71500,DIST-IN-00001,WHS-IN-00034,2025-10-12T17:40:42Z,delivered
SHIP-C29950,BATCH-2025-66F1BC,35750,WHS-IN-00034,PHARM-IN-00059,2025-10-17T21:40:42Z,delivered
SHIP-152798,BATCH-2025-66F1BC,35750,WHS-IN-00034,PHARM-IN-00055,2025-10-19T21:40:42Z,delivered
SHIP-BEE605,BATCH-2025-66F1BC,71500,MFG-IN-00005,DIST-IN-00012,2025-10-07T10:40:42Z,delivered
SHIP-B43F12,BATCH-2025-66F1BC,71500,DIST-IN-00012,WHS-IN-00015,2025-10-14T15:40:42Z,delivered
SHIP-D93AFA,BATCH-2025-66F1BC,35750,WHS-IN-00015,PHARM-IN-00018,2025-10-20T20:40:42Z,delivered
SHIP-9DC1EF,BATCH-2025-66F1BC,35750,WHS-IN-00015,PHARM-IN-00030,2025-10-16T20:40:42Z,delivered
SHIP-E7D684,BATCH-2026-79F847,91000,MFG-IN-00001,DIST-IN-00018,2026-02-10T03:35:29Z,delivered
SHIP-982EE1,BATCH-2026-79F847,91000,DIST-IN-00018,WHS-IN-00025,2026-02-13T06:35:29Z,delivered
SHIP-17250E,BATCH-2026-79F847,91000,WHS-IN-00025,PHARM-IN-00053,2026-02-17T10:35:29Z,delivered
SHIP-87A640,BATCH-2026-B64675,337000,MFG-IN-00015,DIST-IN-00003,2026-08-08T01:56:43Z,delivered
SHIP-3FA8A8,BATCH-2026-B64675,337000,DIST-IN-00003,WHS-IN-00005,2026-08-14T01:56:43Z,delivered
SHIP-DE985B,BATCH-2026-B64675,337000,WHS-IN-00005,PHARM-IN-00045,2026-08-19T12:56:43Z,delivered
SHIP-0B7050,BATCH-2025-AEFCAE,44000,MFG-IN-00004,DIST-IN-00016,2025-05-28T12:54:09Z,delivered
SHIP-7B320D,BATCH-2025-AEFCAE,44000,DIST-IN-00016,WHS-IN-00032,2025-06-05T16:54:09Z,delivered
SHIP-D961D2,BATCH-2025-AEFCAE,22000,WHS-IN-00032,PHARM-IN-00019,2025-06-12T01:54:09Z,delivered
SHIP-033D77,BATCH-2025-AEFCAE,22000,WHS-IN-00032,PHARM-IN-00007,2025-06-14T01:54:09Z,delivered
SHIP-A196E3,BATCH-2025-AEFCAE,44000,MFG-IN-00004,DIST-IN-00017,2025-05-29T11:54:09Z,delivered
SHIP-2DD39B,BATCH-2025-AEFCAE,44000,DIST-IN-00017,WHS-IN-00030,2025-06-05T12:54:09Z,delivered
SHIP-1BA6FF,BATCH-2025-AEFCAE,22000,WHS-IN-00030,PHARM-IN-00050,2025-06-10T17:54:09Z,delivered
SHIP-7FB6E2,BATCH-2025-AEFCAE,22000,WHS-IN-00030,PHARM-IN-00057,2025-06-08T17:54:09Z,delivered
SHIP-03A5F7,BATCH-2025-6226FE,397000,MFG-IN-00010,DIST-IN-00014,2026-01-02T10:55:26Z,delivered
SHIP-A76831,BATCH-2025-6226FE,397000,DIST-IN-00014,WHS-IN-00027,2026-01-09T14:55:26Z,delivered
SHIP-C1CC1E,BATCH-2025-6226FE,397000,WHS-IN-00027,PHARM-IN-00004,2026-01-16T20:55:26Z,delivered
SHIP-67071A,BATCH-2025-E4683F,279000,MFG-IN-00014,DIST-IN-00002,2025-08-26T09:05:23Z,delivered
SHIP-6D2EC5,BATCH-2025-E4683F,279000,DIST-IN-00002,WHS-IN-00035,2025-09-01T12:05:23Z,delivered
SHIP-881EF5,BATCH-2025-E4683F,279000,WHS-IN-00035,PHARM-IN-00035,2025-09-03T21:05:23Z,delivered
SHIP-BF2909,BATCH-2026-023389,41000,MFG-IN-00006,DIST-IN-00023,2026-04-29T02:52:02Z,delivered
SHIP-CD1C9E,BATCH-2026-023389,41000,DIST-IN-00023,WHS-IN-00034,2026-05-02T12:52:02Z,delivered
SHIP-039DBB,BATCH-2026-023389,13666,WHS-IN-00034,PHARM-IN-00054,2026-05-07T20:52:02Z,delivered
SHIP-AB1CF8,BATCH-2026-023389,13667,WHS-IN-00034,PHARM-IN-00035,2026-05-08T20:52:02Z,delivered
SHIP-3D6FEC,BATCH-2026-023389,13667,WHS-IN-00034,PHARM-IN-00026,2026-05-10T20:52:02Z,delivered
SHIP-F7D108,BATCH-2025-61F987,223500,MFG-IN-00004,DIST-IN-00025,2025-06-21T03:11:41Z,delivered
SHIP-F7EF26,BATCH-2025-61F987,223500,DIST-IN-00025,WHS-IN-00003,2025-06-27T15:11:41Z,delivered
SHIP-A38680,BATCH-2025-61F987,223500,WHS-IN-00003,PHARM-IN-00050,2025-07-02T19:11:41Z,delivered
SHIP-EF9CD1,BATCH-2025-61F987,223500,MFG-IN-00004,DIST-IN-00017,2025-06-20T19:11:41Z,delivered
SHIP-6C3CD1,BATCH-2025-61F987,223500,DIST-IN-00017,WHS-IN-00006,2025-06-25T21:11:41Z,delivered
SHIP-EF7732,BATCH-2025-61F987,223500,WHS-IN-00006,PHARM-IN-00048,2025-07-02T05:11:41Z,delivered
SHIP-15030E,BATCH-2026-221D57,56000,MFG-IN-00011,DIST-IN-00020,2026-05-13T18:39:38Z,delivered
SHIP-5779DC,BATCH-2026-221D57,56000,DIST-IN-00020,WHS-IN-00020,2026-05-21T02:39:38Z,delivered
SHIP-486183,BATCH-2026-221D57,56000,WHS-IN-00020,PHARM-IN-00042,2026-05-30T05:39:38Z,delivered
SHIP-BB1C04,BATCH-2025-BC0BF7,243000,MFG-IN-00001,DIST-IN-00008,2025-05-29T22:37:14Z,delivered
SHIP-1E9562,BATCH-2025-BC0BF7,243000,DIST-IN-00008,WHS-IN-00035,2025-06-07T05:37:14Z,delivered
SHIP-1AA2CD,BATCH-2025-BC0BF7,81000,WHS-IN-00035,PHARM-IN-00047,2025-06-14T11:37:14Z,delivered
SHIP-449831,BATCH-2025-BC0BF7,81000,WHS-IN-00035,PHARM-IN-00026,2025-06-14T11:37:14Z,delivered
SHIP-F8FED6,BATCH-2025-BC0BF7,81000,WHS-IN-00035,PHARM-IN-00024,2025-06-13T11:37:14Z,delivered
SHIP-3D4FF6,BATCH-2025-C4E785,70000,MFG-IN-00011,DIST-IN-00011,2025-03-01T03:49:50Z,delivered
SHIP-94D035,BATCH-2025-C4E785,70000,DIST-IN-00011,WHS-IN-00016,2025-03-04T06:49:50Z,delivered
SHIP-459813,BATCH-2025-C4E785,35000,WHS-IN-00016,PHARM-IN-00054,2025-03-08T12:49:50Z,delivered
SHIP-5C45A2,BATCH-2025-C4E785,35000,WHS-IN-00016,PHARM-IN-00037,2025-03-09T12:49:50Z,delivered
SHIP-7657A3,BATCH-2025-C4E785,70000,MFG-IN-00011,DIST-IN-00005,2025-03-01T06:49:50Z,delivered
SHIP-1FC814,BATCH-2025-C4E785,70000,DIST-IN-00005,WHS-IN-00001,2025-03-05T11:49:50Z,delivered
SHIP-C04407,BATCH-2025-C4E785,35000,WHS-IN-00001,PHARM-IN-00021,2025-03-09T23:49:50Z,delivered
SHIP-502AA7,BATCH-2025-C4E785,35000,WHS-IN-00001,PHARM-IN-00042,2025-03-12T23:49:50Z,delivered
SHIP-532E6F,BATCH-2025-2F0303,93000,MFG-IN-00010,DIST-IN-00013,2025-03-19T14:15:47Z,delivered
SHIP-C940CA,BATCH-2025-2F0303,93000,DIST-IN-00013,WHS-IN-00029,2025-03-21T16:15:47Z,delivered
SHIP-B6B1BC,BATCH-2025-2F0303,93000,WHS-IN-00029,PHARM-IN-00052,2025-03-27T22:15:47Z,delivered
SHIP-D8A075,BATCH-2025-2F0303,93000,MFG-IN-00010,DIST-IN-00005,2025-03-20T05:15:47Z,delivered
SHIP-B63E4E,BATCH-2025-2F0303,93000,DIST-IN-00005,WHS-IN-00028,2025-03-24T09:15:47Z,delivered
SHIP-B4DD4D,BATCH-2025-2F0303,46500,WHS-IN-00028,PHARM-IN-00024,2025-03-29T17:15:47Z,delivered
SHIP-63CD2E,BATCH-2025-2F0303,46500,WHS-IN-00028,PHARM-IN-00037,2025-04-01T17:15:47Z,delivered
SHIP-FD143B,BATCH-2026-44C967,156000,MFG-IN-00001,DIST-IN-00007,2026-02-17T15:02:42Z,delivered
SHIP-1D7D54,BATCH-2026-44C967,156000,DIST-IN-00007,WHS-IN-00001,2026-02-22T17:02:42Z,delivered
SHIP-9149C1,BATCH-2026-44C967,78000,WHS-IN-00001,PHARM-IN-00001,2026-02-28T19:02:42Z,delivered
SHIP-7B2802,BATCH-2026-44C967,78000,WHS-IN-00001,PHARM-IN-00020,2026-03-03T19:02:42Z,delivered
SHIP-6A7EA3,BATCH-2025-86B93F,239000,MFG-IN-00003,DIST-IN-00015,2025-12-04T06:27:26Z,delivered
SHIP-77AB24,BATCH-2025-86B93F,239000,DIST-IN-00015,WHS-IN-00023,2025-12-11T11:27:26Z,delivered
SHIP-24E0B7,BATCH-2025-86B93F,239000,WHS-IN-00023,PHARM-IN-00059,2025-12-16T14:27:26Z,delivered
SHIP-050049,BATCH-2026-B75238,35000,MFG-IN-00011,DIST-IN-00018,2026-07-05T18:45:30Z,delivered
SHIP-159D2B,BATCH-2026-B75238,35000,DIST-IN-00018,WHS-IN-00018,2026-07-09T19:45:30Z,delivered
SHIP-661BC7,BATCH-2026-B75238,35000,WHS-IN-00018,PHARM-IN-00034,2026-07-18T04:45:30Z,delivered
SHIP-E36513,BATCH-2026-B75238,35000,MFG-IN-00011,DIST-IN-00021,2026-07-07T13:45:30Z,delivered
SHIP-88A402,BATCH-2026-B75238,35000,DIST-IN-00021,WHS-IN-00001,2026-07-13T16:45:30Z,delivered
SHIP-F0AB03,BATCH-2026-B75238,35000,WHS-IN-00001,PHARM-IN-00031,2026-07-16T17:45:30Z,delivered
SHIP-850002,BATCH-2025-A2C4B0,397000,MFG-IN-00007,DIST-IN-00015,2025-08-08T17:14:47Z,delivered
SHIP-3BEFF1,BATCH-2025-A2C4B0,397000,DIST-IN-00015,WHS-IN-00033,2025-08-13T22:14:47Z,delivered
SHIP-7462C6,BATCH-2025-A2C4B0,397000,WHS-IN-00033,PHARM-IN-00025,2025-08-20T06:14:47Z,delivered
SHIP-450A30,BATCH-2026-7F696B,431000,MFG-IN-00008,DIST-IN-00020,2026-04-02T13:57:40Z,delivered
SHIP-89DD97,BATCH-2026-7F696B,431000,DIST-IN-00020,WHS-IN-00028,2026-04-11T00:57:40Z,delivered
SHIP-3A09DA,BATCH-2026-7F696B,215500,WHS-IN-00028,PHARM-IN-00036,2026-04-19T07:57:40Z,delivered
SHIP-552D52,BATCH-2026-7F696B,215500,WHS-IN-00028,PHARM-IN-00058,2026-04-18T07:57:40Z,delivered
SHIP-FDF3F0,BATCH-2025-AD5176,244500,MFG-IN-00006,DIST-IN-00007,2025-09-18T14:29:00Z,delivered
SHIP-A5EAD1,BATCH-2025-AD5176,244500,DIST-IN-00007,WHS-IN-00001,2025-09-24T19:29:00Z,delivered
SHIP-FD39AD,BATCH-2025-AD5176,244500,WHS-IN-00001,PHARM-IN-00020,2025-10-02T00:29:00Z,delivered
SHIP-117235,BATCH-2025-AD5176,244500,MFG-IN-00006,DIST-IN-00020,2025-09-19T10:29:00Z,delivered
SHIP-3187D6,BATCH-2025-AD5176,244500,DIST-IN-00020,WHS-IN-00003,2025-09-26T19:29:00Z,delivered
SHIP-D5FB17,BATCH-2025-AD5176,244500,WHS-IN-00003,PHARM-IN-00045,2025-10-03T05:29:00Z,delivered
SHIP-40B361,BATCH-2026-76FA53,66500,MFG-IN-00011,DIST-IN-00001,2026-06-09T04:59:57Z,delivered
SHIP-2CF295,BATCH-2026-76FA53,66500,DIST-IN-00001,WHS-IN-00031,2026-06-19T11:59:57Z,delivered
SHIP-432AAF,BATCH-2026-76FA53,66500,WHS-IN-00031,PHARM-IN-00058,2026-06-22T11:59:57Z,delivered
SHIP-3919C7,BATCH-2026-76FA53,66500,MFG-IN-00011,DIST-IN-00023,2026-06-08T16:59:57Z,delivered
SHIP-BFE009,BATCH-2026-76FA53,66500,DIST-IN-00023,WHS-IN-00004,2026-06-12T16:59:57Z,delivered
SHIP-EF8992,BATCH-2026-76FA53,22166,WHS-IN-00004,PHARM-IN-00013,2026-06-15T00:59:57Z,delivered
SHIP-B8F3BA,BATCH-2026-76FA53,22167,WHS-IN-00004,PHARM-IN-00042,2026-06-16T00:59:57Z,delivered
SHIP-2517B4,BATCH-2026-76FA53,22167,WHS-IN-00004,PHARM-IN-00040,2026-06-18T00:59:57Z,delivered
SHIP-1A8183,BATCH-2026-8537E8,135000,MFG-IN-00010,DIST-IN-00025,2026-01-29T03:15:52Z,delivered
SHIP-14E853,BATCH-2026-8537E8,135000,DIST-IN-00025,WHS-IN-00029,2026-02-02T04:15:52Z,delivered
SHIP-E5BD44,BATCH-2026-8537E8,67500,WHS-IN-00029,PHARM-IN-00027,2026-02-06T13:15:52Z,delivered
SHIP-CA717F,BATCH-2026-8537E8,67500,WHS-IN-00029,PHARM-IN-00012,2026-02-06T13:15:52Z,delivered
SHIP-E1BC07,BATCH-2025-B17F25,267000,MFG-IN-00004,DIST-IN-00015,2025-03-28T03:11:35Z,delivered
SHIP-05011C,BATCH-2025-B17F25,267000,DIST-IN-00015,WHS-IN-00012,2025-04-01T05:11:35Z,delivered
SHIP-4DC92A,BATCH-2025-B17F25,133500,WHS-IN-00012,PHARM-IN-00014,2025-04-05T17:11:35Z,delivered
SHIP-D90299,BATCH-2025-B17F25,133500,WHS-IN-00012,PHARM-IN-00041,2025-04-05T17:11:35Z,delivered
SHIP-981943,BATCH-2026-16EA8E,131000,MFG-IN-00015,DIST-IN-00013,2026-05-08T23:54:38Z,delivered
SHIP-F025DA,BATCH-2026-16EA8E,131000,DIST-IN-00013,WHS-IN-00027,2026-05-14T01:54:38Z,delivered
SHIP-5FC8A9,BATCH-2026-16EA8E,131000,WHS-IN-00027,PHARM-IN-00019,2026-05-19T05:54:38Z,delivered
SHIP-5B4853,BATCH-2025-C11756,150000,MFG-IN-00011,DIST-IN-00019,2026-01-02T03:19:15Z,delivered
SHIP-F16D1D,BATCH-2025-C11756,150000,DIST-IN-00019,WHS-IN-00003,2026-01-11T13:19:15Z,delivered
SHIP-CC77C1,BATCH-2025-C11756,50000,WHS-IN-00003,PHARM-IN-00028,2026-01-18T15:19:15Z,delivered
SHIP-79F386,BATCH-2025-C11756,50000,WHS-IN-00003,PHARM-IN-00023,2026-01-16T15:19:15Z,delivered
SHIP-225B82,BATCH-2025-C11756,50000,WHS-IN-00003,PHARM-IN-00042,2026-01-19T15:19:15Z,delivered
SHIP-228150,BATCH-2026-39E86E,294000,MFG-IN-00010,DIST-IN-00021,2026-06-15T11:21:28Z,delivered
SHIP-B5C870,BATCH-2026-39E86E,294000,DIST-IN-00021,WHS-IN-00024,2026-06-22T18:21:28Z,delivered
SHIP-9EA951,BATCH-2026-39E86E,294000,WHS-IN-00024,PHARM-IN-00007,2026-06-30T04:21:28Z,delivered
SHIP-489D4A,BATCH-2026-610091,366000,MFG-IN-00006,DIST-IN-00011,2026-03-26T19:42:00Z,delivered
SHIP-3F9E67,BATCH-2026-610091,366000,DIST-IN-00011,WHS-IN-00030,2026-04-03T23:42:00Z,delivered
SHIP-71AB1C,BATCH-2026-610091,183000,WHS-IN-00030,PHARM-IN-00040,2026-04-11T11:42:00Z,delivered
SHIP-743110,BATCH-2026-610091,183000,WHS-IN-00030,PHARM-IN-00030,2026-04-10T11:42:00Z,delivered
SHIP-17A266,BATCH-2025-38E6D5,66500,MFG-IN-00005,DIST-IN-00016,2025-07-08T14:45:09Z,delivered
SHIP-0B2BDF,BATCH-2025-38E6D5,66500,DIST-IN-00016,WHS-IN-00027,2025-07-13T17:45:09Z,delivered
SHIP-4D1E5C,BATCH-2025-38E6D5,33250,WHS-IN-00027,PHARM-IN-00011,2025-07-19T02:45:09Z,delivered
SHIP-8F09FF,BATCH-2025-38E6D5,33250,WHS-IN-00027,PHARM-IN-00033,2025-07-22T02:45:09Z,delivered
SHIP-FC27EA,BATCH-2025-38E6D5,66500,MFG-IN-00005,DIST-IN-00022,2025-07-07T22:45:09Z,delivered
SHIP-4DDE8B,BATCH-2025-38E6D5,66500,DIST-IN-00022,WHS-IN-00023,2025-07-13T02:45:09Z,delivered
SHIP-BD58CD,BATCH-2025-38E6D5,66500,WHS-IN-00023,PHARM-IN-00010,2025-07-19T04:45:09Z,delivered
SHIP-991E3D,BATCH-2026-495A04,297000,MFG-IN-00012,DIST-IN-00008,2026-02-08T18:24:52Z,delivered
SHIP-4F0EBC,BATCH-2026-495A04,297000,DIST-IN-00008,WHS-IN-00010,2026-02-16T05:24:52Z,delivered
SHIP-7B9F37,BATCH-2026-495A04,297000,WHS-IN-00010,PHARM-IN-00007,2026-02-23T05:24:52Z,delivered
SHIP-DBA504,BATCH-2025-A43F3E,70000,MFG-IN-00009,DIST-IN-00022,2025-12-15T13:39:21Z,delivered
SHIP-79675F,BATCH-2025-A43F3E,70000,DIST-IN-00022,WHS-IN-00025,2025-12-20T01:39:21Z,delivered
SHIP-00CAF6,BATCH-2025-A43F3E,70000,WHS-IN-00025,PHARM-IN-00021,2025-12-26T13:39:21Z,delivered
SHIP-1119E6,BATCH-2025-A43F3E,70000,MFG-IN-00009,DIST-IN-00013,2025-12-15T02:39:21Z,delivered
SHIP-B6E394,BATCH-2025-A43F3E,70000,DIST-IN-00013,WHS-IN-00002,2025-12-18T07:39:21Z,delivered
SHIP-0D93F4,BATCH-2025-A43F3E,70000,WHS-IN-00002,PHARM-IN-00022,2025-12-25T19:39:21Z,delivered
SHIP-CC60A1,BATCH-2025-DF4D70,142000,MFG-IN-00002,DIST-IN-00021,2025-11-29T12:23:09Z,delivered
SHIP-7370DB,BATCH-2025-DF4D70,142000,DIST-IN-00021,WHS-IN-00020,2025-12-05T12:23:09Z,delivered
SHIP-9C71C5,BATCH-2025-DF4D70,71000,WHS-IN-00020,PHARM-IN-00028,2025-12-09T17:23:09Z,delivered
SHIP-5DBE90,BATCH-2025-DF4D70,71000,WHS-IN-00020,PHARM-IN-00010,2025-12-07T17:23:09Z,delivered
SHIP-487049,BATCH-2025-DF4D70,142000,MFG-IN-00002,DIST-IN-00008,2025-11-28T15:23:09Z,delivered
SHIP-E2E4E4,BATCH-2025-DF4D70,142000,DIST-IN-00008,WHS-IN-00030,2025-12-04T01:23:09Z,delivered
SHIP-6E7507,BATCH-2025-DF4D70,71000,WHS-IN-00030,PHARM-IN-00026,2025-12-08T11:23:09Z,delivered
SHIP-257C50,BATCH-2025-DF4D70,71000,WHS-IN-00030,PHARM-IN-00052,2025-12-12T11:23:09Z,delivered
SHIP-6EC00D,BATCH-2025-61A76A,421000,MFG-IN-00007,DIST-IN-00021,2025-04-13T15:47:53Z,delivered
SHIP-C20BD4,BATCH-2025-61A76A,421000,DIST-IN-00021,WHS-IN-00017,2025-04-20T19:47:53Z,delivered
SHIP-4F4E67,BATCH-2025-61A76A,210500,WHS-IN-00017,PHARM-IN-00050,2025-04-25T04:47:53Z,delivered
SHIP-95254A,BATCH-2025-61A76A,210500,WHS-IN-00017,PHARM-IN-00031,2025-04-26T04:47:53Z,delivered
SHIP-FA0C93,BATCH-2025-582EDE,118000,MFG-IN-00014,DIST-IN-00011,2025-10-10T03:50:03Z,delivered
SHIP-9B4270,BATCH-2025-582EDE,118000,DIST-IN-00011,WHS-IN-00028,2025-10-13T11:50:03Z,delivered
SHIP-CEF03D,BATCH-2025-582EDE,118000,WHS-IN-00028,PHARM-IN-00032,2025-10-21T15:50:03Z,delivered
SHIP-71956A,BATCH-2025-61A769,213000,MFG-IN-00002,DIST-IN-00011,2025-08-21T11:15:52Z,delivered
SHIP-F45DB7,BATCH-2025-61A769,213000,DIST-IN-00011,WHS-IN-00023,2025-08-28T13:15:52Z,delivered
SHIP-2EAE87,BATCH-2025-61A769,213000,WHS-IN-00023,PHARM-IN-00003,2025-09-03T20:15:52Z,delivered
SHIP-4EE413,BATCH-2025-997B8A,283000,MFG-IN-00013,DIST-IN-00013,2025-12-06T03:02:57Z,delivered
SHIP-A91052,BATCH-2025-997B8A,283000,DIST-IN-00013,WHS-IN-00009,2025-12-13T11:02:57Z,delivered
SHIP-573FBC,BATCH-2025-997B8A,141500,WHS-IN-00009,PHARM-IN-00018,2025-12-19T21:02:57Z,delivered
SHIP-8682B5,BATCH-2025-997B8A,141500,WHS-IN-00009,PHARM-IN-00023,2025-12-16T21:02:57Z,delivered
SHIP-AE39AD,BATCH-2026-CBFA62,421000,MFG-IN-00006,DIST-IN-00020,2026-02-09T22:56:43Z,delivered
SHIP-23F5CF,BATCH-2026-CBFA62,421000,DIST-IN-00020,WHS-IN-00028,2026-02-15T03:56:43Z,delivered
SHIP-906580,BATCH-2026-CBFA62,210500,WHS-IN-00028,PHARM-IN-00048,2026-02-17T05:56:43Z,delivered
SHIP-E40B75,BATCH-2026-CBFA62,210500,WHS-IN-00028,PHARM-IN-00057,2026-02-21T05:56:43Z,delivered
SHIP-2CC02B,BATCH-2025-2FDF7C,110500,MFG-IN-00006,DIST-IN-00002,2025-12-02T04:26:26Z,delivered
SHIP-500E69,BATCH-2025-2FDF7C,110500,DIST-IN-00002,WHS-IN-00018,2025-12-10T16:26:26Z,delivered
SHIP-D33553,BATCH-2025-2FDF7C,55250,WHS-IN-00018,PHARM-IN-00059,2025-12-15T20:26:26Z,delivered
SHIP-7DB307,BATCH-2025-2FDF7C,55250,WHS-IN-00018,PHARM-IN-00012,2025-12-14T20:26:26Z,delivered
SHIP-6E5E7F,BATCH-2025-2FDF7C,110500,MFG-IN-00006,DIST-IN-00012,2025-12-02T16:26:26Z,delivered
SHIP-0E509D,BATCH-2025-2FDF7C,110500,DIST-IN-00012,WHS-IN-00030,2025-12-09T20:26:26Z,delivered
SHIP-A06350,BATCH-2025-2FDF7C,110500,WHS-IN-00030,PHARM-IN-00046,2025-12-15T21:26:26Z,delivered
SHIP-D567CC,BATCH-2025-B5D2D3,146500,MFG-IN-00004,DIST-IN-00020,2025-03-01T16:21:39Z,delivered
SHIP-CDE8EE,BATCH-2025-B5D2D3,146500,DIST-IN-00020,WHS-IN-00031,2025-03-10T00:21:39Z,delivered
SHIP-0A6969,BATCH-2025-B5D2D3,146500,WHS-IN-00031,PHARM-IN-00053,2025-03-15T05:21:39Z,delivered
SHIP-F15CF2,BATCH-2025-B5D2D3,146500,MFG-IN-00004,DIST-IN-00015,2025-03-01T03:21:39Z,delivered
SHIP-5AF957,BATCH-2025-B5D2D3,146500,DIST-IN-00015,WHS-IN-00017,2025-03-07T13:21:39Z,delivered
SHIP-8D669D,BATCH-2025-B5D2D3,73250,WHS-IN-00017,PHARM-IN-00036,2025-03-09T23:21:39Z,delivered
SHIP-AC829B,BATCH-2025-B5D2D3,73250,WHS-IN-00017,PHARM-IN-00023,2025-03-11T23:21:39Z,delivered
SHIP-355D6D,BATCH-2025-6812B5,301000,MFG-IN-00004,DIST-IN-00015,2025-08-10T00:51:28Z,delivered
SHIP-AF1B2B,BATCH-2025-6812B5,301000,DIST-IN-00015,WHS-IN-00028,2025-08-16T09:51:28Z,delivered
SHIP-3DAAD6,BATCH-2025-6812B5,150500,WHS-IN-00028,PHARM-IN-00032,2025-08-21T21:51:28Z,delivered
SHIP-60AEB8,BATCH-2025-6812B5,150500,WHS-IN-00028,PHARM-IN-00016,2025-08-18T21:51:28Z,delivered
SHIP-946008,BATCH-2025-868F3D,190000,MFG-IN-00011,DIST-IN-00019,2025-09-01T06:55:06Z,delivered
SHIP-448437,BATCH-2025-868F3D,190000,DIST-IN-00019,WHS-IN-00023,2025-09-07T14:55:06Z,delivered
SHIP-F10408,BATCH-2025-868F3D,190000,WHS-IN-00023,PHARM-IN-00024,2025-09-12T23:55:06Z,delivered
SHIP-AC5F35,BATCH-2025-868F3D,190000,MFG-IN-00011,DIST-IN-00010,2025-09-01T10:55:06Z,delivered
SHIP-DE5CD0,BATCH-2025-868F3D,190000,DIST-IN-00010,WHS-IN-00019,2025-09-09T17:55:06Z,delivered
SHIP-62F31A,BATCH-2025-868F3D,190000,WHS-IN-00019,PHARM-IN-00035,2025-09-14T19:55:06Z,delivered
SHIP-275CD1,BATCH-2025-190924,189000,MFG-IN-00012,DIST-IN-00004,2025-06-29T04:20:29Z,delivered
SHIP-1E6512,BATCH-2025-190924,189000,DIST-IN-00004,WHS-IN-00013,2025-07-09T10:20:29Z,delivered
SHIP-267136,BATCH-2025-190924,189000,WHS-IN-00013,PHARM-IN-00040,2025-07-15T19:20:29Z,delivered
SHIP-B72C0A,BATCH-2025-190924,189000,MFG-IN-00012,DIST-IN-00013,2025-06-27T12:20:29Z,delivered
SHIP-F0E79E,BATCH-2025-190924,189000,DIST-IN-00013,WHS-IN-00011,2025-07-05T21:20:29Z,delivered
SHIP-0F8898,BATCH-2025-190924,63000,WHS-IN-00011,PHARM-IN-00002,2025-07-14T07:20:29Z,delivered
SHIP-AFE9D8,BATCH-2025-190924,63000,WHS-IN-00011,PHARM-IN-00048,2025-07-13T07:20:29Z,delivered
SHIP-4EFF0A,BATCH-2025-190924,63000,WHS-IN-00011,PHARM-IN-00039,2025-07-12T07:20:29Z,delivered
SHIP-9EE933,BATCH-2026-DFD7CA,439000,MFG-IN-00015,DIST-IN-00001,2026-03-28T11:01:54Z,delivered
SHIP-41EA23,BATCH-2026-DFD7CA,439000,DIST-IN-00001,WHS-IN-00029,2026-04-03T18:01:54Z,delivered
SHIP-4EB2DD,BATCH-2026-DFD7CA,146333,WHS-IN-00029,PHARM-IN-00054,2026-04-08T01:01:54Z,delivered
SHIP-875671,BATCH-2026-DFD7CA,146333,WHS-IN-00029,PHARM-IN-00022,2026-04-07T01:01:54Z,delivered
SHIP-BEF8BE,BATCH-2026-DFD7CA,146334,WHS-IN-00029,PHARM-IN-00056,2026-04-11T01:01:54Z,delivered
SHIP-C932A4,BATCH-2025-95A039,40000,MFG-IN-00011,DIST-IN-00009,2025-02-21T06:00:11Z,delivered
SHIP-D66B9F,BATCH-2025-95A039,40000,DIST-IN-00009,WHS-IN-00004,2025-02-25T13:00:11Z,delivered
SHIP-285A0E,BATCH-2025-95A039,40000,WHS-IN-00004,PHARM-IN-00046,2025-03-07T00:00:11Z,delivered
SHIP-DAF9EA,BATCH-2025-95A039,40000,MFG-IN-00011,DIST-IN-00023,2025-02-21T05:00:11Z,delivered
SHIP-5C9D71,BATCH-2025-95A039,40000,DIST-IN-00023,WHS-IN-00011,2025-02-26T09:00:11Z,delivered
SHIP-F80FE1,BATCH-2025-95A039,40000,WHS-IN-00011,PHARM-IN-00016,2025-03-06T19:00:11Z,delivered
SHIP-584B43,BATCH-2025-7A612D,201000,MFG-IN-00003,DIST-IN-00023,2025-08-02T02:13:48Z,delivered
SHIP-56262D,BATCH-2025-7A612D,201000,DIST-IN-00023,WHS-IN-00017,2025-08-09T14:13:48Z,delivered
SHIP-6F8DCE,BATCH-2025-7A612D,201000,WHS-IN-00017,PHARM-IN-00029,2025-08-16T01:13:48Z,delivered
SHIP-B73F3F,BATCH-2026-FBFFAE,9000,MFG-IN-00011,DIST-IN-00005,2026-07-11T02:57:03Z,delivered
SHIP-A45034,BATCH-2026-FBFFAE,9000,DIST-IN-00005,WHS-IN-00019,2026-07-16T07:57:03Z,delivered
SHIP-4B10F8,BATCH-2026-FBFFAE,4500,WHS-IN-00019,PHARM-IN-00029,2026-07-21T16:57:03Z,delivered
SHIP-19C414,BATCH-2026-FBFFAE,4500,WHS-IN-00019,PHARM-IN-00044,2026-07-20T16:57:03Z,delivered
SHIP-B8CCB4,BATCH-2026-FBFFAE,9000,MFG-IN-00011,DIST-IN-00017,2026-07-12T17:57:03Z,delivered
SHIP-A5A3BE,BATCH-2026-FBFFAE,9000,DIST-IN-00017,WHS-IN-00020,2026-07-16T17:57:03Z,delivered
SHIP-79260F,BATCH-2026-FBFFAE,4500,WHS-IN-00020,PHARM-IN-00048,2026-07-22T21:57:03Z,delivered
SHIP-450D97,BATCH-2026-FBFFAE,4500,WHS-IN-00020,PHARM-IN-00056,2026-07-20T21:57:03Z,delivered
SHIP-95A6C0,BATCH-2025-249326,284000,MFG-IN-00007,DIST-IN-00013,2025-03-01T16:47:52Z,delivered
SHIP-6ADC02,BATCH-2025-249326,284000,DIST-IN-00013,WHS-IN-00012,2025-03-08T00:47:52Z,delivered
SHIP-1D2BED,BATCH-2025-249326,284000,WHS-IN-00012,PHARM-IN-00020,2025-03-14T00:47:52Z,delivered
SHIP-253732,BATCH-2025-BD9EE7,240000,MFG-IN-00014,DIST-IN-00024,2025-07-03T03:46:34Z,delivered
SHIP-E2FE7C,BATCH-2025-BD9EE7,240000,DIST-IN-00024,WHS-IN-00034,2025-07-09T10:46:34Z,delivered
SHIP-06AAF4,BATCH-2025-BD9EE7,240000,WHS-IN-00034,PHARM-IN-00007,2025-07-14T15:46:34Z,delivered
SHIP-73D326,BATCH-2025-BD9EE7,240000,MFG-IN-00014,DIST-IN-00004,2025-07-02T08:46:34Z,delivered
SHIP-87447E,BATCH-2025-BD9EE7,240000,DIST-IN-00004,WHS-IN-00016,2025-07-09T17:46:34Z,delivered
SHIP-094726,BATCH-2025-BD9EE7,240000,WHS-IN-00016,PHARM-IN-00046,2025-07-16T04:46:34Z,delivered
SHIP-8FFD8B,BATCH-2026-AB9C33,427000,MFG-IN-00004,DIST-IN-00003,2026-06-11T07:33:08Z,delivered
SHIP-126FEA,BATCH-2026-AB9C33,427000,DIST-IN-00003,WHS-IN-00004,2026-06-14T09:33:08Z,delivered
SHIP-7574FB,BATCH-2026-AB9C33,213500,WHS-IN-00004,PHARM-IN-00035,2026-06-17T12:33:08Z,delivered
SHIP-232B82,BATCH-2026-AB9C33,213500,WHS-IN-00004,PHARM-IN-00057,2026-06-18T12:33:08Z,delivered
SHIP-8A57B9,BATCH-2025-1868A4,245000,MFG-IN-00007,DIST-IN-00007,2025-11-30T04:11:07Z,delivered
SHIP-AD1E21,BATCH-2025-1868A4,245000,DIST-IN-00007,WHS-IN-00020,2025-12-07T13:11:07Z,delivered
SHIP-BF8919,BATCH-2025-1868A4,81666,WHS-IN-00020,PHARM-IN-00008,2025-12-12T22:11:07Z,delivered
SHIP-A09723,BATCH-2025-1868A4,81667,WHS-IN-00020,PHARM-IN-00047,2025-12-09T22:11:07Z,delivered
SHIP-62855D,BATCH-2025-1868A4,81667,WHS-IN-00020,PHARM-IN-00057,2025-12-13T22:11:07Z,delivered
SHIP-9A2A58,BATCH-2026-9EBB62,344000,MFG-IN-00004,DIST-IN-00016,2026-08-02T01:27:36Z,delivered
SHIP-0346A6,BATCH-2026-9EBB62,344000,DIST-IN-00016,WHS-IN-00022,2026-08-08T05:27:36Z,delivered
SHIP-5752B7,BATCH-2026-9EBB62,344000,WHS-IN-00022,PHARM-IN-00049,2026-08-13T15:27:36Z,delivered
SHIP-EFEAA3,BATCH-2026-03CF5B,19000,MFG-IN-00007,DIST-IN-00017,2026-04-20T17:06:05Z,delivered
SHIP-EEA707,BATCH-2026-03CF5B,19000,DIST-IN-00017,WHS-IN-00020,2026-04-23T18:06:05Z,delivered
SHIP-91A042,BATCH-2026-03CF5B,19000,WHS-IN-00020,PHARM-IN-00007,2026-04-29T23:06:05Z,delivered
SHIP-4CFA6A,BATCH-2026-03CF5B,19000,MFG-IN-00007,DIST-IN-00016,2026-04-21T03:06:05Z,delivered
SHIP-13DFEA,BATCH-2026-03CF5B,19000,DIST-IN-00016,WHS-IN-00014,2026-04-30T04:06:05Z,delivered
SHIP-4B1D21,BATCH-2026-03CF5B,19000,WHS-IN-00014,PHARM-IN-00026,2026-05-04T09:06:05Z,delivered
SHIP-36D48C,BATCH-2026-82944A,299000,MFG-IN-00002,DIST-IN-00017,2026-01-19T17:39:43Z,delivered
SHIP-76C51F,BATCH-2026-82944A,299000,DIST-IN-00017,WHS-IN-00015,2026-01-27T05:39:43Z,delivered
SHIP-EF8753,BATCH-2026-82944A,299000,WHS-IN-00015,PHARM-IN-00022,2026-02-03T09:39:43Z,delivered
SHIP-ED2E87,BATCH-2025-BDAE85,471000,MFG-IN-00015,DIST-IN-00013,2025-08-12T11:09:28Z,delivered
SHIP-DD2F04,BATCH-2025-BDAE85,471000,DIST-IN-00013,WHS-IN-00023,2025-08-22T11:09:28Z,delivered
SHIP-9B6B41,BATCH-2025-BDAE85,471000,WHS-IN-00023,PHARM-IN-00046,2025-08-26T18:09:28Z,delivered
SHIP-9A8886,BATCH-2026-0307E8,470000,MFG-IN-00015,DIST-IN-00012,2026-07-29T10:40:35Z,delivered
SHIP-3A6871,BATCH-2026-0307E8,470000,DIST-IN-00012,WHS-IN-00021,2026-08-07T22:40:35Z,delivered
SHIP-40D8CA,BATCH-2026-0307E8,235000,WHS-IN-00021,PHARM-IN-00029,2026-08-13T10:40:35Z,delivered
SHIP-B3FFA4,BATCH-2026-0307E8,235000,WHS-IN-00021,PHARM-IN-00055,2026-08-12T10:40:35Z,delivered
SHIP-A7A678,BATCH-2025-0CA175,58000,MFG-IN-00001,DIST-IN-00019,2025-10-16T00:25:10Z,delivered
SHIP-045F2D,BATCH-2025-0CA175,58000,DIST-IN-00019,WHS-IN-00016,2025-10-23T11:25:10Z,delivered
SHIP-0850D4,BATCH-2025-0CA175,58000,WHS-IN-00016,PHARM-IN-00022,2025-10-30T11:25:10Z,delivered
SHIP-21C080,BATCH-2025-0CA175,58000,MFG-IN-00001,DIST-IN-00016,2025-10-14T13:25:10Z,delivered
SHIP-36C311,BATCH-2025-0CA175,58000,DIST-IN-00016,WHS-IN-00021,2025-10-24T15:25:10Z,delivered
SHIP-EDED5B,BATCH-2025-0CA175,29000,WHS-IN-00021,PHARM-IN-00037,2025-11-02T17:25:10Z,delivered
SHIP-4F0BCB,BATCH-2025-0CA175,29000,WHS-IN-00021,PHARM-IN-00013,2025-10-31T17:25:10Z,delivered
SHIP-7C6F92,BATCH-2025-F06F1D,46500,MFG-IN-00012,DIST-IN-00005,2025-04-14T14:13:07Z,delivered
SHIP-7EB17F,BATCH-2025-F06F1D,46500,DIST-IN-00005,WHS-IN-00014,2025-04-19T19:13:07Z,delivered
SHIP-2C93F4,BATCH-2025-F06F1D,23250,WHS-IN-00014,PHARM-IN-00022,2025-04-26T02:13:07Z,delivered
SHIP-54DB7E,BATCH-2025-F06F1D,23250,WHS-IN-00014,PHARM-IN-00013,2025-04-25T02:13:07Z,delivered
SHIP-C04D2D,BATCH-2025-F06F1D,46500,MFG-IN-00012,DIST-IN-00025,2025-04-13T21:13:07Z,delivered
SHIP-D62DD2,BATCH-2025-F06F1D,46500,DIST-IN-00025,WHS-IN-00004,2025-04-23T09:13:07Z,delivered
SHIP-9E0CAA,BATCH-2025-F06F1D,46500,WHS-IN-00004,PHARM-IN-00028,2025-04-25T17:13:07Z,delivered
SHIP-56183C,BATCH-2026-95EA6E,206000,MFG-IN-00014,DIST-IN-00011,2026-07-24T19:50:47Z,delivered
SHIP-C05C76,BATCH-2026-95EA6E,206000,DIST-IN-00011,WHS-IN-00008,2026-07-31T04:50:47Z,delivered
SHIP-D68D19,BATCH-2026-95EA6E,103000,WHS-IN-00008,PHARM-IN-00030,2026-08-04T16:50:47Z,delivered
SHIP-CBCF72,BATCH-2026-95EA6E,103000,WHS-IN-00008,PHARM-IN-00040,2026-08-05T16:50:47Z,delivered
SHIP-12B42B,BATCH-2026-0D1E78,18500,MFG-IN-00012,DIST-IN-00003,2026-03-12T20:27:19Z,delivered
SHIP-90F4C8,BATCH-2026-0D1E78,18500,DIST-IN-00003,WHS-IN-00002,2026-03-21T04:27:19Z,delivered
SHIP-8ACB49,BATCH-2026-0D1E78,18500,WHS-IN-00002,PHARM-IN-00015,2026-03-27T04:27:19Z,delivered
SHIP-0A44D6,BATCH-2026-0D1E78,18500,MFG-IN-00012,DIST-IN-00006,2026-03-12T13:27:19Z,delivered
SHIP-0B19B4,BATCH-2026-0D1E78,18500,DIST-IN-00006,WHS-IN-00013,2026-03-20T21:27:19Z,delivered
SHIP-5494BD,BATCH-2026-0D1E78,18500,WHS-IN-00013,PHARM-IN-00010,2026-03-26T08:27:19Z,delivered
SHIP-91B802,BATCH-2025-3E26A6,406000,MFG-IN-00014,DIST-IN-00020,2025-11-03T21:06:32Z,delivered
SHIP-73B2A1,BATCH-2025-3E26A6,406000,DIST-IN-00020,WHS-IN-00021,2025-11-08T22:06:32Z,delivered
SHIP-D51D00,BATCH-2025-3E26A6,406000,WHS-IN-00021,PHARM-IN-00018,2025-11-13T01:06:32Z,delivered
SHIP-F87727,BATCH-2026-E267AC,192000,MFG-IN-00005,DIST-IN-00015,2026-03-01T01:30:40Z,delivered
SHIP-AEC5AF,BATCH-2026-E267AC,192000,DIST-IN-00015,WHS-IN-00025,2026-03-03T08:30:40Z,delivered
SHIP-C15A3F,BATCH-2026-E267AC,192000,WHS-IN-00025,PHARM-IN-00050,2026-03-11T15:30:40Z,delivered
SHIP-2152C0,BATCH-2025-F8B9F3,418000,MFG-IN-00011,DIST-IN-00019,2025-04-23T20:27:14Z,delivered
SHIP-D79968,BATCH-2025-F8B9F3,418000,DIST-IN-00019,WHS-IN-00008,2025-04-30T08:27:14Z,delivered
SHIP-C7A929,BATCH-2025-F8B9F3,209000,WHS-IN-00008,PHARM-IN-00014,2025-05-08T19:27:14Z,delivered
SHIP-DD52A7,BATCH-2025-F8B9F3,209000,WHS-IN-00008,PHARM-IN-00006,2025-05-08T19:27:14Z,delivered
SHIP-4A49C6,BATCH-2025-765E17,374000,MFG-IN-00002,DIST-IN-00014,2025-06-15T00:53:13Z,delivered
SHIP-2277A3,BATCH-2025-765E17,374000,DIST-IN-00014,WHS-IN-00005,2025-06-22T05:53:13Z,delivered
SHIP-99073B,BATCH-2025-765E17,187000,WHS-IN-00005,PHARM-IN-00052,2025-06-29T08:53:13Z,delivered
SHIP-06DC6D,BATCH-2025-765E17,187000,WHS-IN-00005,PHARM-IN-00025,2025-06-26T08:53:13Z,delivered
SHIP-2DC3EE,BATCH-2025-B3F0E8,12000,MFG-IN-00006,DIST-IN-00005,2025-05-10T03:15:11Z,delivered
SHIP-A88010,BATCH-2025-B3F0E8,12000,DIST-IN-00005,WHS-IN-00003,2025-05-13T14:15:11Z,delivered
SHIP-B44369,BATCH-2025-B3F0E8,12000,WHS-IN-00003,PHARM-IN-00027,2025-05-18T01:15:11Z,delivered
SHIP-87C70A,BATCH-2025-7AC7A8,27000,MFG-IN-00013,DIST-IN-00005,2025-05-04T08:43:54Z,delivered
SHIP-430C9B,BATCH-2025-7AC7A8,27000,DIST-IN-00005,WHS-IN-00002,2025-05-09T20:43:54Z,delivered
SHIP-1D2805,BATCH-2025-7AC7A8,13500,WHS-IN-00002,PHARM-IN-00059,2025-05-15T00:43:54Z,delivered
SHIP-327F7E,BATCH-2025-7AC7A8,13500,WHS-IN-00002,PHARM-IN-00054,2025-05-15T00:43:54Z,delivered
SHIP-46CB16,BATCH-2025-7AC7A8,27000,MFG-IN-00013,DIST-IN-00024,2025-05-05T08:43:54Z,delivered
SHIP-105C79,BATCH-2025-7AC7A8,27000,DIST-IN-00024,WHS-IN-00035,2025-05-11T14:43:54Z,delivered
SHIP-E54F2D,BATCH-2025-7AC7A8,27000,WHS-IN-00035,PHARM-IN-00058,2025-05-15T16:43:54Z,delivered
SHIP-06E05B,BATCH-2025-E21BA1,55000,MFG-IN-00009,DIST-IN-00016,2025-05-07T07:31:11Z,delivered
SHIP-404D4C,BATCH-2025-E21BA1,55000,DIST-IN-00016,WHS-IN-00020,2025-05-15T09:31:11Z,delivered
SHIP-635F7D,BATCH-2025-E21BA1,55000,WHS-IN-00020,PHARM-IN-00035,2025-05-22T13:31:11Z,delivered
SHIP-14F825,BATCH-2025-87DFC1,79500,MFG-IN-00010,DIST-IN-00019,2025-12-09T19:21:19Z,delivered
SHIP-85BA00,BATCH-2025-87DFC1,79500,DIST-IN-00019,WHS-IN-00015,2025-12-18T07:21:19Z,delivered
SHIP-926CF9,BATCH-2025-87DFC1,39750,WHS-IN-00015,PHARM-IN-00019,2025-12-24T18:21:19Z,delivered
SHIP-A3CE2E,BATCH-2025-87DFC1,39750,WHS-IN-00015,PHARM-IN-00057,2025-12-22T18:21:19Z,delivered
SHIP-D6161E,BATCH-2025-87DFC1,79500,MFG-IN-00010,DIST-IN-00007,2025-12-10T02:21:19Z,delivered
SHIP-77B401,BATCH-2025-87DFC1,79500,DIST-IN-00007,WHS-IN-00009,2025-12-17T12:21:19Z,delivered
SHIP-314CC6,BATCH-2025-87DFC1,39750,WHS-IN-00009,PHARM-IN-00060,2025-12-22T17:21:19Z,delivered
SHIP-06F47A,BATCH-2025-87DFC1,39750,WHS-IN-00009,PHARM-IN-00055,2025-12-23T17:21:19Z,delivered
SHIP-61A081,BATCH-2026-1EE6B5,180000,MFG-IN-00002,DIST-IN-00008,2026-05-06T02:06:54Z,delivered
SHIP-1D7F17,BATCH-2026-1EE6B5,180000,DIST-IN-00008,WHS-IN-00031,2026-05-10T11:06:54Z,delivered
SHIP-2A706B,BATCH-2026-1EE6B5,90000,WHS-IN-00031,PHARM-IN-00014,2026-05-17T21:06:54Z,delivered
SHIP-FF99D2,BATCH-2026-1EE6B5,90000,WHS-IN-00031,PHARM-IN-00030,2026-05-13T21:06:54Z,delivered
SHIP-81F79F,BATCH-2026-1EE6B5,180000,MFG-IN-00002,DIST-IN-00006,2026-05-06T03:06:54Z,delivered
SHIP-516DF7,BATCH-2026-1EE6B5,180000,DIST-IN-00006,WHS-IN-00032,2026-05-13T07:06:54Z,delivered
SHIP-7AA213,BATCH-2026-1EE6B5,90000,WHS-IN-00032,PHARM-IN-00022,2026-05-22T17:06:54Z,delivered
SHIP-A13797,BATCH-2026-1EE6B5,90000,WHS-IN-00032,PHARM-IN-00049,2026-05-21T17:06:54Z,delivered
SHIP-6FF319,BATCH-2025-844EE0,84000,MFG-IN-00005,DIST-IN-00015,2025-09-08T18:27:55Z,delivered
SHIP-22B7D0,BATCH-2025-844EE0,84000,DIST-IN-00015,WHS-IN-00020,2025-09-15T20:27:55Z,delivered
SHIP-F576C0,BATCH-2025-844EE0,28000,WHS-IN-00020,PHARM-IN-00033,2025-09-25T04:27:55Z,delivered
SHIP-C84AB4,BATCH-2025-844EE0,28000,WHS-IN-00020,PHARM-IN-00012,2025-09-21T04:27:55Z,delivered
SHIP-AA9933,BATCH-2025-844EE0,28000,WHS-IN-00020,PHARM-IN-00026,2025-09-25T04:27:55Z,delivered
SHIP-05B5AA,BATCH-2025-70EA46,205000,MFG-IN-00005,DIST-IN-00012,2025-10-05T15:47:13Z,delivered
SHIP-E0A278,BATCH-2025-70EA46,205000,DIST-IN-00012,WHS-IN-00007,2025-10-13T20:47:13Z,delivered
SHIP-21A8F3,BATCH-2025-70EA46,68333,WHS-IN-00007,PHARM-IN-00049,2025-10-21T06:47:13Z,delivered
SHIP-12F7B6,BATCH-2025-70EA46,68333,WHS-IN-00007,PHARM-IN-00046,2025-10-17T06:47:13Z,delivered
SHIP-1A9483,BATCH-2025-70EA46,68334,WHS-IN-00007,PHARM-IN-00010,2025-10-21T06:47:13Z,delivered
SHIP-5A1F83,BATCH-2025-70EA46,205000,MFG-IN-00005,DIST-IN-00018,2025-10-04T15:47:13Z,delivered
SHIP-5227E4,BATCH-2025-70EA46,205000,DIST-IN-00018,WHS-IN-00001,2025-10-08T02:47:13Z,delivered
SHIP-352532,BATCH-2025-70EA46,205000,WHS-IN-00001,PHARM-IN-00047,2025-10-16T13:47:13Z,delivered
SHIP-B04583,BATCH-2026-37ECB0,244000,MFG-IN-00004,DIST-IN-00016,2026-05-22T05:21:12Z,delivered
SHIP-44C748,BATCH-2026-37ECB0,244000,DIST-IN-00016,WHS-IN-00027,2026-05-28T11:21:12Z,delivered
SHIP-7D1145,BATCH-2026-37ECB0,244000,WHS-IN-00027,PHARM-IN-00018,2026-06-01T14:21:12Z,delivered
SHIP-A25116,BATCH-2025-590C51,421000,MFG-IN-00001,DIST-IN-00005,2025-11-01T00:58:39Z,delivered
SHIP-5878B9,BATCH-2025-590C51,421000,DIST-IN-00005,WHS-IN-00034,2025-11-07T00:58:39Z,delivered
SHIP-7945F8,BATCH-2025-590C51,421000,WHS-IN-00034,PHARM-IN-00029,2025-11-11T12:58:39Z,delivered
SHIP-462E6B,BATCH-2025-0A3496,318000,MFG-IN-00007,DIST-IN-00025,2025-10-06T01:31:10Z,delivered
SHIP-D10731,BATCH-2025-0A3496,318000,DIST-IN-00025,WHS-IN-00008,2025-10-13T07:31:10Z,delivered
SHIP-AA8344,BATCH-2025-0A3496,106000,WHS-IN-00008,PHARM-IN-00045,2025-10-21T13:31:10Z,delivered
SHIP-D48445,BATCH-2025-0A3496,106000,WHS-IN-00008,PHARM-IN-00056,2025-10-18T13:31:10Z,delivered
SHIP-3BA38B,BATCH-2025-0A3496,106000,WHS-IN-00008,PHARM-IN-00051,2025-10-21T13:31:10Z,delivered
SHIP-FEDFDB,BATCH-2025-A9375B,193000,MFG-IN-00003,DIST-IN-00009,2025-10-20T13:09:26Z,delivered
SHIP-551AA0,BATCH-2025-A9375B,193000,DIST-IN-00009,WHS-IN-00023,2025-10-24T19:09:26Z,delivered
SHIP-428702,BATCH-2025-A9375B,193000,WHS-IN-00023,PHARM-IN-00032,2025-10-27T20:09:26Z,delivered
SHIP-B582F0,BATCH-2025-A9375B,193000,MFG-IN-00003,DIST-IN-00024,2025-10-20T03:09:26Z,delivered
SHIP-344F31,BATCH-2025-A9375B,193000,DIST-IN-00024,WHS-IN-00034,2025-10-30T11:09:26Z,delivered
SHIP-83A817,BATCH-2025-A9375B,96500,WHS-IN-00034,PHARM-IN-00051,2025-11-04T11:09:26Z,delivered
SHIP-2FD20C,BATCH-2025-A9375B,96500,WHS-IN-00034,PHARM-IN-00042,2025-11-06T11:09:26Z,delivered
SHIP-CF83AF,BATCH-2025-4F18AC,153000,MFG-IN-00013,DIST-IN-00015,2025-10-27T14:57:35Z,delivered
SHIP-5CD064,BATCH-2025-4F18AC,153000,DIST-IN-00015,WHS-IN-00002,2025-10-30T20:57:35Z,delivered
SHIP-1C8DBB,BATCH-2025-4F18AC,153000,WHS-IN-00002,PHARM-IN-00059,2025-11-05T20:57:35Z,delivered
SHIP-2FF321,BATCH-2026-C69956,179500,MFG-IN-00015,DIST-IN-00009,2026-05-20T21:54:43Z,delivered
SHIP-764D5C,BATCH-2026-C69956,179500,DIST-IN-00009,WHS-IN-00004,2026-05-26T01:54:43Z,delivered
SHIP-5F1386,BATCH-2026-C69956,89750,WHS-IN-00004,PHARM-IN-00011,2026-06-04T12:54:43Z,delivered
SHIP-BA8677,BATCH-2026-C69956,89750,WHS-IN-00004,PHARM-IN-00014,2026-06-02T12:54:43Z,delivered
SHIP-2EC08C,BATCH-2026-C69956,179500,MFG-IN-00015,DIST-IN-00012,2026-05-20T20:54:43Z,delivered
SHIP-EB5C95,BATCH-2026-C69956,179500,DIST-IN-00012,WHS-IN-00021,2026-05-27T05:54:43Z,delivered
SHIP-CAA27F,BATCH-2026-C69956,89750,WHS-IN-00021,PHARM-IN-00021,2026-06-01T16:54:43Z,delivered
SHIP-51A7C7,BATCH-2026-C69956,89750,WHS-IN-00021,PHARM-IN-00040,2026-05-30T16:54:43Z,delivered
SHIP-F78033,BATCH-2026-40CC8E,435000,MFG-IN-00008,DIST-IN-00015,2026-01-22T13:23:33Z,delivered
SHIP-4D250D,BATCH-2026-40CC8E,435000,DIST-IN-00015,WHS-IN-00002,2026-01-25T15:23:33Z,delivered
SHIP-2F88BF,BATCH-2026-40CC8E,145000,WHS-IN-00002,PHARM-IN-00045,2026-01-31T00:23:33Z,delivered
SHIP-2CE972,BATCH-2026-40CC8E,145000,WHS-IN-00002,PHARM-IN-00042,2026-01-30T00:23:33Z,delivered
SHIP-2F4DD3,BATCH-2026-40CC8E,145000,WHS-IN-00002,PHARM-IN-00036,2026-01-31T00:23:33Z,delivered
SHIP-78AF84,BATCH-2026-6CFB5D,81000,MFG-IN-00013,DIST-IN-00013,2026-07-21T17:12:45Z,delivered
SHIP-45FAC9,BATCH-2026-6CFB5D,81000,DIST-IN-00013,WHS-IN-00006,2026-07-26T04:12:45Z,delivered
SHIP-AEAD5F,BATCH-2026-6CFB5D,81000,WHS-IN-00006,PHARM-IN-00010,2026-07-31T11:12:45Z,delivered
SHIP-FDF32B,BATCH-2026-3B6886,23500,MFG-IN-00011,DIST-IN-00008,2026-01-08T00:40:36Z,delivered
SHIP-3F8D12,BATCH-2026-3B6886,23500,DIST-IN-00008,WHS-IN-00002,2026-01-14T04:40:36Z,delivered
SHIP-74B451,BATCH-2026-3B6886,11750,WHS-IN-00002,PHARM-IN-00037,2026-01-22T11:40:36Z,delivered
SHIP-AE3462,BATCH-2026-3B6886,11750,WHS-IN-00002,PHARM-IN-00013,2026-01-23T11:40:36Z,delivered
SHIP-7EEDEF,BATCH-2026-3B6886,23500,MFG-IN-00011,DIST-IN-00015,2026-01-09T12:40:36Z,delivered
SHIP-B8DC32,BATCH-2026-3B6886,23500,DIST-IN-00015,WHS-IN-00028,2026-01-16T00:40:36Z,delivered
SHIP-A0EFED,BATCH-2026-3B6886,11750,WHS-IN-00028,PHARM-IN-00005,2026-01-21T03:40:36Z,delivered
SHIP-F17D65,BATCH-2026-3B6886,11750,WHS-IN-00028,PHARM-IN-00045,2026-01-24T03:40:36Z,delivered
SHIP-6291A6,BATCH-2026-F07AD5,288000,MFG-IN-00008,DIST-IN-00004,2026-04-07T15:19:49Z,delivered
SHIP-DCC026,BATCH-2026-F07AD5,288000,DIST-IN-00004,WHS-IN-00030,2026-04-14T02:19:49Z,delivered
SHIP-BEF5BA,BATCH-2026-F07AD5,144000,WHS-IN-00030,PHARM-IN-00028,2026-04-17T09:19:49Z,delivered
SHIP-76C584,BATCH-2026-F07AD5,144000,WHS-IN-00030,PHARM-IN-00005,2026-04-20T09:19:49Z,delivered
SHIP-04D852,BATCH-2025-A9104E,173000,MFG-IN-00006,DIST-IN-00005,2025-05-10T02:47:37Z,delivered
SHIP-EF8250,BATCH-2025-A9104E,173000,DIST-IN-00005,WHS-IN-00002,2025-05-19T11:47:37Z,delivered
SHIP-86D10C,BATCH-2025-A9104E,57666,WHS-IN-00002,PHARM-IN-00014,2025-05-26T17:47:37Z,delivered
SHIP-B82219,BATCH-2025-A9104E,57667,WHS-IN-00002,PHARM-IN-00043,2025-05-28T17:47:37Z,delivered
SHIP-FA830C,BATCH-2025-A9104E,57667,WHS-IN-00002,PHARM-IN-00029,2025-05-24T17:47:37Z,delivered
SHIP-BE8BF9,BATCH-2025-A9104E,173000,MFG-IN-00006,DIST-IN-00003,2025-05-11T11:47:37Z,delivered
SHIP-7E7430,BATCH-2025-A9104E,173000,DIST-IN-00003,WHS-IN-00005,2025-05-17T23:47:37Z,delivered
SHIP-1CE87C,BATCH-2025-A9104E,86500,WHS-IN-00005,PHARM-IN-00016,2025-05-24T10:47:37Z,delivered
SHIP-446A4D,BATCH-2025-A9104E,86500,WHS-IN-00005,PHARM-IN-00039,2025-05-23T10:47:37Z,delivered
SHIP-D79A85,BATCH-2026-E76A0B,197500,MFG-IN-00010,DIST-IN-00019,2026-04-29T13:11:13Z,delivered
SHIP-12F726,BATCH-2026-E76A0B,197500,DIST-IN-00019,WHS-IN-00009,2026-05-07T00:11:13Z,delivered
SHIP-0D0C54,BATCH-2026-E76A0B,197500,WHS-IN-00009,PHARM-IN-00046,2026-05-13T01:11:13Z,delivered
SHIP-8E1A32,BATCH-2026-E76A0B,197500,MFG-IN-00010,DIST-IN-00023,2026-04-28T22:11:13Z,delivered
SHIP-3248CB,BATCH-2026-E76A0B,197500,DIST-IN-00023,WHS-IN-00015,2026-05-05T04:11:13Z,delivered
SHIP-8319F7,BATCH-2026-E76A0B,98750,WHS-IN-00015,PHARM-IN-00034,2026-05-07T09:11:13Z,delivered
SHIP-958426,BATCH-2026-E76A0B,98750,WHS-IN-00015,PHARM-IN-00017,2026-05-09T09:11:13Z,delivered
SHIP-56DE34,BATCH-2025-A599C3,71000,MFG-IN-00007,DIST-IN-00017,2025-02-21T00:37:29Z,delivered
SHIP-950E12,BATCH-2025-A599C3,71000,DIST-IN-00017,WHS-IN-00024,2025-02-26T04:37:29Z,delivered
SHIP-6A4204,BATCH-2025-A599C3,71000,WHS-IN-00024,PHARM-IN-00014,2025-03-03T07:37:29Z,delivered
SHIP-2F4D66,BATCH-2025-A599C3,71000,MFG-IN-00007,DIST-IN-00001,2025-02-21T18:37:29Z,delivered
SHIP-E1FC58,BATCH-2025-A599C3,71000,DIST-IN-00001,WHS-IN-00029,2025-03-03T03:37:29Z,delivered
SHIP-535AC1,BATCH-2025-A599C3,23666,WHS-IN-00029,PHARM-IN-00029,2025-03-06T11:37:29Z,delivered
SHIP-E41D65,BATCH-2025-A599C3,23667,WHS-IN-00029,PHARM-IN-00002,2025-03-08T11:37:29Z,delivered
SHIP-908031,BATCH-2025-A599C3,23667,WHS-IN-00029,PHARM-IN-00040,2025-03-10T11:37:29Z,delivered
SHIP-452A46,BATCH-2026-19BD0B,210000,MFG-IN-00009,DIST-IN-00005,2026-01-29T02:54:52Z,delivered
SHIP-517979,BATCH-2026-19BD0B,210000,DIST-IN-00005,WHS-IN-00029,2026-02-03T12:54:52Z,delivered
SHIP-B62104,BATCH-2026-19BD0B,210000,WHS-IN-00029,PHARM-IN-00016,2026-02-08T17:54:52Z,delivered
SHIP-BA9486,BATCH-2025-C84A5F,257000,MFG-IN-00010,DIST-IN-00002,2025-11-11T16:39:29Z,delivered
SHIP-4FB7F4,BATCH-2025-C84A5F,257000,DIST-IN-00002,WHS-IN-00021,2025-11-18T00:39:29Z,delivered
SHIP-297907,BATCH-2025-C84A5F,257000,WHS-IN-00021,PHARM-IN-00009,2025-11-26T12:39:29Z,delivered
SHIP-EE1651,BATCH-2025-94FC1C,188000,MFG-IN-00015,DIST-IN-00013,2025-05-14T10:41:21Z,delivered
SHIP-6A942A,BATCH-2025-94FC1C,188000,DIST-IN-00013,WHS-IN-00021,2025-05-20T17:41:21Z,delivered
SHIP-2E5AE8,BATCH-2025-94FC1C,188000,WHS-IN-00021,PHARM-IN-00051,2025-05-28T02:41:21Z,delivered
SHIP-3947C8,BATCH-2026-4DFDA2,188000,MFG-IN-00013,DIST-IN-00003,2026-03-27T07:17:04Z,delivered
SHIP-FC3D93,BATCH-2026-4DFDA2,188000,DIST-IN-00003,WHS-IN-00004,2026-04-03T17:17:04Z,delivered
SHIP-A25C97,BATCH-2026-4DFDA2,188000,WHS-IN-00004,PHARM-IN-00023,2026-04-09T17:17:04Z,delivered
SHIP-F43CF1,BATCH-2025-632D30,81500,MFG-IN-00012,DIST-IN-00017,2025-10-22T15:54:12Z,delivered
SHIP-86C23F,BATCH-2025-632D30,81500,DIST-IN-00017,WHS-IN-00030,2025-10-25T18:54:12Z,delivered
SHIP-D73C7C,BATCH-2025-632D30,81500,WHS-IN-00030,PHARM-IN-00014,2025-11-01T05:54:12Z,delivered
SHIP-C3DA9E,BATCH-2025-632D30,81500,MFG-IN-00012,DIST-IN-00006,2025-10-21T18:54:12Z,delivered
SHIP-1D7343,BATCH-2025-632D30,81500,DIST-IN-00006,WHS-IN-00019,2025-10-26T21:54:12Z,delivered
SHIP-197795,BATCH-2025-632D30,27166,WHS-IN-00019,PHARM-IN-00025,2025-11-01T07:54:12Z,delivered
SHIP-470427,BATCH-2025-632D30,27167,WHS-IN-00019,PHARM-IN-00053,2025-10-31T07:54:12Z,delivered
SHIP-F3D4CB,BATCH-2025-632D30,27167,WHS-IN-00019,PHARM-IN-00015,2025-11-02T07:54:12Z,delivered
SHIP-453C08,BATCH-2025-99925C,356000,MFG-IN-00002,DIST-IN-00001,2025-11-09T13:26:11Z,delivered
SHIP-7EA783,BATCH-2025-99925C,356000,DIST-IN-00001,WHS-IN-00032,2025-11-16T17:26:11Z,delivered
SHIP-FD3C7F,BATCH-2025-99925C,356000,WHS-IN-00032,PHARM-IN-00050,2025-11-22T03:26:11Z,delivered
SHIP-51CDD3,BATCH-2026-329319,292000,MFG-IN-00012,DIST-IN-00004,2026-03-20T04:49:24Z,delivered
SHIP-C17FEF,BATCH-2026-329319,292000,DIST-IN-00004,WHS-IN-00035,2026-03-27T05:49:24Z,delivered
SHIP-0D4341,BATCH-2026-329319,97333,WHS-IN-00035,PHARM-IN-00046,2026-04-02T16:49:24Z,delivered
SHIP-83DD79,BATCH-2026-329319,97333,WHS-IN-00035,PHARM-IN-00060,2026-04-01T16:49:24Z,delivered
SHIP-21E67A,BATCH-2026-329319,97334,WHS-IN-00035,PHARM-IN-00045,2026-04-02T16:49:24Z,delivered
SHIP-BF286F,BATCH-2025-04DE5A,332000,MFG-IN-00007,DIST-IN-00017,2025-08-12T08:06:02Z,delivered
SHIP-C47519,BATCH-2025-04DE5A,332000,DIST-IN-00017,WHS-IN-00015,2025-08-17T09:06:02Z,delivered
SHIP-23FB06,BATCH-2025-04DE5A,166000,WHS-IN-00015,PHARM-IN-00052,2025-08-23T11:06:02Z,delivered
SHIP-ADF72A,BATCH-2025-04DE5A,166000,WHS-IN-00015,PHARM-IN-00005,2025-08-25T11:06:02Z,delivered
SHIP-56CD47,BATCH-2025-6CF3D6,193500,MFG-IN-00011,DIST-IN-00017,2025-12-17T19:11:24Z,delivered
SHIP-5EB409,BATCH-2025-6CF3D6,193500,DIST-IN-00017,WHS-IN-00010,2025-12-23T19:11:24Z,delivered
SHIP-87F359,BATCH-2025-6CF3D6,96750,WHS-IN-00010,PHARM-IN-00058,2025-12-27T21:11:24Z,delivered
SHIP-EF97F0,BATCH-2025-6CF3D6,96750,WHS-IN-00010,PHARM-IN-00042,2025-12-29T21:11:24Z,delivered
SHIP-D214DA,BATCH-2025-6CF3D6,193500,MFG-IN-00011,DIST-IN-00025,2025-12-18T22:11:24Z,delivered
SHIP-3FE5C6,BATCH-2025-6CF3D6,193500,DIST-IN-00025,WHS-IN-00002,2025-12-25T03:11:24Z,delivered
SHIP-17B5C8,BATCH-2025-6CF3D6,96750,WHS-IN-00002,PHARM-IN-00010,2025-12-29T06:11:24Z,delivered
SHIP-024819,BATCH-2025-6CF3D6,96750,WHS-IN-00002,PHARM-IN-00036,2025-12-30T06:11:24Z,delivered
SHIP-47F456,BATCH-2025-62230F,57500,MFG-IN-00007,DIST-IN-00011,2025-02-15T19:57:17Z,delivered
SHIP-BFA903,BATCH-2025-62230F,57500,DIST-IN-00011,WHS-IN-00001,2025-02-21T05:57:17Z,delivered
SHIP-B1A318,BATCH-2025-62230F,19166,WHS-IN-00001,PHARM-IN-00050,2025-02-24T14:57:17Z,delivered
SHIP-563EF8,BATCH-2025-62230F,19167,WHS-IN-00001,PHARM-IN-00037,2025-02-23T14:57:17Z,delivered
SHIP-A3DDD5,BATCH-2025-62230F,19167,WHS-IN-00001,PHARM-IN-00008,2025-02-25T14:57:17Z,delivered
SHIP-ABFE53,BATCH-2025-62230F,57500,MFG-IN-00007,DIST-IN-00012,2025-02-17T05:57:17Z,delivered
SHIP-611E69,BATCH-2025-62230F,57500,DIST-IN-00012,WHS-IN-00023,2025-02-27T14:57:17Z,delivered
SHIP-9C0D0C,BATCH-2025-62230F,28750,WHS-IN-00023,PHARM-IN-00057,2025-03-05T21:57:17Z,delivered
SHIP-FD4FD1,BATCH-2025-62230F,28750,WHS-IN-00023,PHARM-IN-00024,2025-03-07T21:57:17Z,delivered
SHIP-0653B3,BATCH-2026-22A4B3,209500,MFG-IN-00013,DIST-IN-00014,2026-05-07T12:32:42Z,delivered
SHIP-738035,BATCH-2026-22A4B3,209500,DIST-IN-00014,WHS-IN-00026,2026-05-13T18:32:42Z,delivered
SHIP-C5C3E0,BATCH-2026-22A4B3,104750,WHS-IN-00026,PHARM-IN-00027,2026-05-20T21:32:42Z,delivered
SHIP-BDF69E,BATCH-2026-22A4B3,104750,WHS-IN-00026,PHARM-IN-00030,2026-05-19T21:32:42Z,delivered
SHIP-32831F,BATCH-2026-22A4B3,209500,MFG-IN-00013,DIST-IN-00010,2026-05-07T18:32:42Z,delivered
SHIP-21C87D,BATCH-2026-22A4B3,209500,DIST-IN-00010,WHS-IN-00013,2026-05-14T21:32:42Z,delivered
SHIP-B1D4C9,BATCH-2026-22A4B3,69833,WHS-IN-00013,PHARM-IN-00036,2026-05-21T08:32:42Z,delivered
SHIP-671FCC,BATCH-2026-22A4B3,69833,WHS-IN-00013,PHARM-IN-00056,2026-05-19T08:32:42Z,delivered
SHIP-90830A,BATCH-2026-22A4B3,69834,WHS-IN-00013,PHARM-IN-00049,2026-05-18T08:32:42Z,delivered
SHIP-75160A,BATCH-2026-5ADF03,144000,MFG-IN-00006,DIST-IN-00007,2026-02-05T20:21:29Z,delivered
SHIP-59B024,BATCH-2026-5ADF03,144000,DIST-IN-00007,WHS-IN-00034,2026-02-12T06:21:29Z,delivered
SHIP-53FD04,BATCH-2026-5ADF03,72000,WHS-IN-00034,PHARM-IN-00025,2026-02-16T13:21:29Z,delivered
SHIP-D2E0D2,BATCH-2026-5ADF03,72000,WHS-IN-00034,PHARM-IN-00037,2026-02-18T13:21:29Z,delivered
SHIP-BAB37E,BATCH-2026-145403,322000,MFG-IN-00011,DIST-IN-00008,2026-05-24T16:20:34Z,delivered
SHIP-EE6F8D,BATCH-2026-145403,322000,DIST-IN-00008,WHS-IN-00007,2026-05-29T21:20:34Z,delivered
SHIP-054057,BATCH-2026-145403,107333,WHS-IN-00007,PHARM-IN-00056,2026-05-31T21:20:34Z,delivered
SHIP-E986FC,BATCH-2026-145403,107333,WHS-IN-00007,PHARM-IN-00004,2026-06-01T21:20:34Z,delivered
SHIP-E5AF7B,BATCH-2026-145403,107334,WHS-IN-00007,PHARM-IN-00022,2026-06-02T21:20:34Z,delivered
SHIP-952177,BATCH-2026-BF43F0,426000,MFG-IN-00006,DIST-IN-00023,2026-02-04T09:08:23Z,delivered
SHIP-8D4E56,BATCH-2026-BF43F0,426000,DIST-IN-00023,WHS-IN-00010,2026-02-09T10:08:23Z,delivered
SHIP-92337D,BATCH-2026-BF43F0,426000,WHS-IN-00010,PHARM-IN-00036,2026-02-17T11:08:23Z,delivered
SHIP-C10845,BATCH-2026-8AC911,85000,MFG-IN-00010,DIST-IN-00022,2026-07-22T07:02:24Z,delivered
SHIP-04A4E8,BATCH-2026-8AC911,85000,DIST-IN-00022,WHS-IN-00031,2026-07-27T09:02:24Z,delivered
SHIP-007D4A,BATCH-2026-8AC911,42500,WHS-IN-00031,PHARM-IN-00053,2026-08-04T11:02:24Z,delivered
SHIP-FC0E3F,BATCH-2026-8AC911,42500,WHS-IN-00031,PHARM-IN-00024,2026-08-04T11:02:24Z,delivered
SHIP-E493E5,BATCH-2026-8AC911,85000,MFG-IN-00010,DIST-IN-00005,2026-07-23T00:02:24Z,delivered
SHIP-53423B,BATCH-2026-8AC911,85000,DIST-IN-00005,WHS-IN-00020,2026-07-30T02:02:24Z,delivered
SHIP-92F6C3,BATCH-2026-8AC911,28333,WHS-IN-00020,PHARM-IN-00051,2026-08-06T04:02:24Z,delivered
SHIP-1F9E33,BATCH-2026-8AC911,28333,WHS-IN-00020,PHARM-IN-00043,2026-08-06T04:02:24Z,delivered
SHIP-D69D37,BATCH-2026-8AC911,28334,WHS-IN-00020,PHARM-IN-00013,2026-08-05T04:02:24Z,delivered
SHIP-D7D713,BATCH-2025-B29812,271000,MFG-IN-00002,DIST-IN-00017,2025-11-30T05:55:46Z,delivered
SHIP-B376EC,BATCH-2025-B29812,271000,DIST-IN-00017,WHS-IN-00016,2025-12-09T07:55:46Z,delivered
SHIP-EEAAEC,BATCH-2025-B29812,90333,WHS-IN-00016,PHARM-IN-00022,2025-12-16T11:55:46Z,delivered
SHIP-011E27,BATCH-2025-B29812,90333,WHS-IN-00016,PHARM-IN-00003,2025-12-14T11:55:46Z,delivered
SHIP-24B975,BATCH-2025-B29812,90334,WHS-IN-00016,PHARM-IN-00018,2025-12-15T11:55:46Z,delivered
SHIP-B0CF16,BATCH-2026-849105,259000,MFG-IN-00003,DIST-IN-00002,2026-01-10T10:00:52Z,delivered
SHIP-DB5177,BATCH-2026-849105,259000,DIST-IN-00002,WHS-IN-00033,2026-01-18T15:00:52Z,delivered
SHIP-B2B9D3,BATCH-2026-849105,259000,WHS-IN-00033,PHARM-IN-00023,2026-01-26T02:00:52Z,delivered
SHIP-A22CAE,BATCH-2026-3F0B04,260000,MFG-IN-00011,DIST-IN-00015,2026-04-20T18:19:12Z,delivered
SHIP-4C9A50,BATCH-2026-3F0B04,260000,DIST-IN-00015,WHS-IN-00002,2026-04-26T02:19:12Z,delivered
SHIP-3C1B1E,BATCH-2026-3F0B04,260000,WHS-IN-00002,PHARM-IN-00005,2026-04-29T05:19:12Z,delivered
SHIP-C0E0A5,BATCH-2026-FF675D,226500,MFG-IN-00006,DIST-IN-00001,2026-06-10T01:38:20Z,delivered
SHIP-1EA47E,BATCH-2026-FF675D,226500,DIST-IN-00001,WHS-IN-00010,2026-06-18T10:38:20Z,delivered
SHIP-CB016B,BATCH-2026-FF675D,113250,WHS-IN-00010,PHARM-IN-00007,2026-06-23T20:38:20Z,delivered
SHIP-8A9A97,BATCH-2026-FF675D,113250,WHS-IN-00010,PHARM-IN-00040,2026-06-24T20:38:20Z,delivered
SHIP-B93A9B,BATCH-2026-FF675D,226500,MFG-IN-00006,DIST-IN-00024,2026-06-09T23:38:20Z,delivered
SHIP-E891A4,BATCH-2026-FF675D,226500,DIST-IN-00024,WHS-IN-00015,2026-06-12T23:38:20Z,delivered
SHIP-A94ABB,BATCH-2026-FF675D,226500,WHS-IN-00015,PHARM-IN-00041,2026-06-19T10:38:20Z,delivered
SHIP-CAB74D,BATCH-2025-10C972,148500,MFG-IN-00008,DIST-IN-00016,2025-07-15T19:27:31Z,delivered
SHIP-584650,BATCH-2025-10C972,148500,DIST-IN-00016,WHS-IN-00029,2025-07-21T06:27:31Z,delivered
SHIP-1FF478,BATCH-2025-10C972,49500,WHS-IN-00029,PHARM-IN-00017,2025-07-27T07:27:31Z,delivered
SHIP-38B2B3,BATCH-2025-10C972,49500,WHS-IN-00029,PHARM-IN-00010,2025-07-23T07:27:31Z,delivered
SHIP-2F1728,BATCH-2025-10C972,49500,WHS-IN-00029,PHARM-IN-00057,2025-07-24T07:27:31Z,delivered
SHIP-D5710B,BATCH-2025-10C972,148500,MFG-IN-00008,DIST-IN-00020,2025-07-16T03:27:31Z,delivered
SHIP-925798,BATCH-2025-10C972,148500,DIST-IN-00020,WHS-IN-00014,2025-07-24T11:27:31Z,delivered
SHIP-EC8D73,BATCH-2025-10C972,74250,WHS-IN-00014,PHARM-IN-00042,2025-07-30T16:27:31Z,delivered
SHIP-17601F,BATCH-2025-10C972,74250,WHS-IN-00014,PHARM-IN-00057,2025-07-28T16:27:31Z,delivered
SHIP-AA1743,BATCH-2025-52FE3D,260000,MFG-IN-00007,DIST-IN-00024,2026-01-02T10:54:46Z,delivered
SHIP-5D5844,BATCH-2025-52FE3D,260000,DIST-IN-00024,WHS-IN-00001,2026-01-12T11:54:46Z,delivered
SHIP-706455,BATCH-2025-52FE3D,130000,WHS-IN-00001,PHARM-IN-00039,2026-01-14T16:54:46Z,delivered
SHIP-AC0D28,BATCH-2025-52FE3D,130000,WHS-IN-00001,PHARM-IN-00044,2026-01-17T16:54:46Z,delivered
SHIP-C03A86,BATCH-2025-55A45D,150000,MFG-IN-00001,DIST-IN-00010,2025-09-30T16:57:02Z,delivered
SHIP-0B0D4B,BATCH-2025-55A45D,150000,DIST-IN-00010,WHS-IN-00003,2025-10-08T19:57:02Z,delivered
SHIP-B41D62,BATCH-2025-55A45D,50000,WHS-IN-00003,PHARM-IN-00021,2025-10-16T01:57:02Z,delivered
SHIP-94D6A6,BATCH-2025-55A45D,50000,WHS-IN-00003,PHARM-IN-00060,2025-10-14T01:57:02Z,delivered
SHIP-1EDEDA,BATCH-2025-55A45D,50000,WHS-IN-00003,PHARM-IN-00051,2025-10-16T01:57:02Z,delivered
SHIP-7D34CA,BATCH-2026-329F00,291000,MFG-IN-00003,DIST-IN-00021,2026-04-29T09:29:19Z,delivered
SHIP-0D189E,BATCH-2026-329F00,291000,DIST-IN-00021,WHS-IN-00012,2026-05-04T09:29:19Z,delivered
SHIP-AD21F4,BATCH-2026-329F00,291000,WHS-IN-00012,PHARM-IN-00031,2026-05-08T12:29:19Z,delivered
SHIP-E5BEB3,BATCH-2026-63F30A,287000,MFG-IN-00002,DIST-IN-00013,2026-04-11T15:13:58Z,delivered
SHIP-D4A06B,BATCH-2026-63F30A,287000,DIST-IN-00013,WHS-IN-00032,2026-04-19T18:13:58Z,delivered
SHIP-09E777,BATCH-2026-63F30A,95666,WHS-IN-00032,PHARM-IN-00011,2026-04-25T00:13:58Z,delivered
SHIP-9C356C,BATCH-2026-63F30A,95667,WHS-IN-00032,PHARM-IN-00032,2026-04-27T00:13:58Z,delivered
SHIP-DF34B8,BATCH-2026-63F30A,95667,WHS-IN-00032,PHARM-IN-00043,2026-04-26T00:13:58Z,delivered
SHIP-525B0B,BATCH-2026-3FD3BB,193000,MFG-IN-00008,DIST-IN-00014,2026-01-09T00:27:28Z,delivered
SHIP-608063,BATCH-2026-3FD3BB,193000,DIST-IN-00014,WHS-IN-00028,2026-01-16T05:27:28Z,delivered
SHIP-911174,BATCH-2026-3FD3BB,96500,WHS-IN-00028,PHARM-IN-00022,2026-01-20T14:27:28Z,delivered
SHIP-C21D97,BATCH-2026-3FD3BB,96500,WHS-IN-00028,PHARM-IN-00047,2026-01-18T14:27:28Z,delivered
SHIP-3827D5,BATCH-2026-3FD3BB,193000,MFG-IN-00008,DIST-IN-00016,2026-01-09T07:27:28Z,delivered
SHIP-E71569,BATCH-2026-3FD3BB,193000,DIST-IN-00016,WHS-IN-00015,2026-01-14T10:27:28Z,delivered
SHIP-9B17AD,BATCH-2026-3FD3BB,96500,WHS-IN-00015,PHARM-IN-00037,2026-01-21T22:27:28Z,delivered
SHIP-F9EFC5,BATCH-2026-3FD3BB,96500,WHS-IN-00015,PHARM-IN-00051,2026-01-23T22:27:28Z,delivered
SHIP-C9EA8F,BATCH-2025-E1DA96,225500,MFG-IN-00001,DIST-IN-00008,2025-09-09T09:13:51Z,delivered
SHIP-88789C,BATCH-2025-E1DA96,225500,DIST-IN-00008,WHS-IN-00025,2025-09-12T14:13:51Z,delivered
SHIP-B73C47,BATCH-2025-E1DA96,112750,WHS-IN-00025,PHARM-IN-00058,2025-09-18T15:13:51Z,delivered
SHIP-18DD03,BATCH-2025-E1DA96,112750,WHS-IN-00025,PHARM-IN-00047,2025-09-17T15:13:51Z,delivered
SHIP-4FAD29,BATCH-2025-E1DA96,225500,MFG-IN-00001,DIST-IN-00016,2025-09-09T02:13:51Z,delivered
SHIP-4B58D1,BATCH-2025-E1DA96,225500,DIST-IN-00016,WHS-IN-00015,2025-09-16T09:13:51Z,delivered
SHIP-08C089,BATCH-2025-E1DA96,75166,WHS-IN-00015,PHARM-IN-00031,2025-09-20T14:13:51Z,delivered
SHIP-B174E7,BATCH-2025-E1DA96,75167,WHS-IN-00015,PHARM-IN-00036,2025-09-22T14:13:51Z,delivered
SHIP-049FAA,BATCH-2025-E1DA96,75167,WHS-IN-00015,PHARM-IN-00010,2025-09-22T14:13:51Z,delivered
SHIP-E7D6EC,BATCH-2025-48F3FD,225000,MFG-IN-00002,DIST-IN-00007,2025-07-29T18:24:45Z,delivered
SHIP-515655,BATCH-2025-48F3FD,225000,DIST-IN-00007,WHS-IN-00028,2025-08-07T06:24:45Z,delivered
SHIP-8E45E4,BATCH-2025-48F3FD,225000,WHS-IN-00028,PHARM-IN-00019,2025-08-09T10:24:45Z,delivered
SHIP-DF535B,BATCH-2025-48F3FD,225000,MFG-IN-00002,DIST-IN-00017,2025-07-29T05:24:45Z,delivered
SHIP-EE9855,BATCH-2025-48F3FD,225000,DIST-IN-00017,WHS-IN-00029,2025-08-07T12:24:45Z,delivered
SHIP-E459C5,BATCH-2025-48F3FD,112500,WHS-IN-00029,PHARM-IN-00049,2025-08-12T20:24:45Z,delivered
SHIP-1C2C4B,BATCH-2025-48F3FD,112500,WHS-IN-00029,PHARM-IN-00021,2025-08-13T20:24:45Z,delivered
SHIP-B6E483,BATCH-2025-478213,301000,MFG-IN-00003,DIST-IN-00011,2025-07-23T00:41:30Z,delivered
SHIP-0CDAB0,BATCH-2025-478213,301000,DIST-IN-00011,WHS-IN-00024,2025-07-26T05:41:30Z,delivered
SHIP-C0A410,BATCH-2025-478213,150500,WHS-IN-00024,PHARM-IN-00041,2025-08-01T16:41:30Z,delivered
SHIP-B2435D,BATCH-2025-478213,150500,WHS-IN-00024,PHARM-IN-00028,2025-08-03T16:41:30Z,delivered
SHIP-73DBAE,BATCH-2025-6668FD,158000,MFG-IN-00010,DIST-IN-00025,2025-10-25T11:20:26Z,delivered
SHIP-2B9562,BATCH-2025-6668FD,158000,DIST-IN-00025,WHS-IN-00032,2025-10-27T22:20:26Z,delivered
SHIP-BB19C7,BATCH-2025-6668FD,158000,WHS-IN-00032,PHARM-IN-00011,2025-10-31T00:20:26Z,delivered
SHIP-4170E6,BATCH-2025-FAC8CD,240000,MFG-IN-00009,DIST-IN-00011,2025-06-01T04:33:37Z,delivered
SHIP-822F13,BATCH-2025-FAC8CD,240000,DIST-IN-00011,WHS-IN-00035,2025-06-03T11:33:37Z,delivered
SHIP-E0B7F2,BATCH-2025-FAC8CD,120000,WHS-IN-00035,PHARM-IN-00036,2025-06-08T21:33:37Z,delivered
SHIP-82A83B,BATCH-2025-FAC8CD,120000,WHS-IN-00035,PHARM-IN-00053,2025-06-08T21:33:37Z,delivered
SHIP-4DF028,BATCH-2025-FAC8CD,240000,MFG-IN-00009,DIST-IN-00003,2025-05-31T10:33:37Z,delivered
SHIP-8F04FA,BATCH-2025-FAC8CD,240000,DIST-IN-00003,WHS-IN-00031,2025-06-02T10:33:37Z,delivered
SHIP-D884F5,BATCH-2025-FAC8CD,80000,WHS-IN-00031,PHARM-IN-00056,2025-06-06T13:33:37Z,delivered
SHIP-E50C69,BATCH-2025-FAC8CD,80000,WHS-IN-00031,PHARM-IN-00009,2025-06-04T13:33:37Z,delivered
SHIP-A082D7,BATCH-2025-FAC8CD,80000,WHS-IN-00031,PHARM-IN-00033,2025-06-07T13:33:37Z,delivered
SHIP-FA9507,BATCH-2026-382DC4,137000,MFG-IN-00014,DIST-IN-00007,2026-08-13T08:32:17Z,delivered
SHIP-C30705,BATCH-2026-382DC4,137000,DIST-IN-00007,WHS-IN-00006,2026-08-22T08:32:17Z,delivered
SHIP-720553,BATCH-2026-382DC4,137000,WHS-IN-00006,PHARM-IN-00010,2026-08-30T16:32:17Z,delivered
SHIP-451E05,BATCH-2026-8A150D,260000,MFG-IN-00014,DIST-IN-00012,2026-07-27T05:55:32Z,delivered
SHIP-B3B4FA,BATCH-2026-8A150D,260000,DIST-IN-00012,WHS-IN-00022,2026-07-31T08:55:32Z,delivered
SHIP-64DCFA,BATCH-2026-8A150D,260000,WHS-IN-00022,PHARM-IN-00019,2026-08-07T12:55:32Z,delivered
SHIP-527B67,BATCH-2025-8C57AA,48000,MFG-IN-00005,DIST-IN-00004,2025-12-01T09:43:08Z,delivered
SHIP-C839EB,BATCH-2025-8C57AA,48000,DIST-IN-00004,WHS-IN-00013,2025-12-07T20:43:08Z,delivered
SHIP-61259B,BATCH-2025-8C57AA,16000,WHS-IN-00013,PHARM-IN-00053,2025-12-15T07:43:08Z,delivered
SHIP-80827F,BATCH-2025-8C57AA,16000,WHS-IN-00013,PHARM-IN-00020,2025-12-16T07:43:08Z,delivered
SHIP-DFCDAA,BATCH-2025-8C57AA,16000,WHS-IN-00013,PHARM-IN-00024,2025-12-14T07:43:08Z,delivered
SHIP-683E5E,BATCH-2026-C821E0,121000,MFG-IN-00012,DIST-IN-00007,2026-08-10T12:12:50Z,delivered
SHIP-658BB8,BATCH-2026-C821E0,121000,DIST-IN-00007,WHS-IN-00011,2026-08-17T19:12:50Z,delivered
SHIP-69A7D8,BATCH-2026-C821E0,60500,WHS-IN-00011,PHARM-IN-00043,2026-08-24T03:12:50Z,delivered
SHIP-C06939,BATCH-2026-C821E0,60500,WHS-IN-00011,PHARM-IN-00055,2026-08-23T03:12:50Z,delivered
SHIP-212630,BATCH-2026-C821E0,121000,MFG-IN-00012,DIST-IN-00016,2026-08-08T14:12:50Z,delivered
SHIP-816AED,BATCH-2026-C821E0,121000,DIST-IN-00016,WHS-IN-00029,2026-08-15T14:12:50Z,delivered
SHIP-17F1B9,BATCH-2026-C821E0,121000,WHS-IN-00029,PHARM-IN-00042,2026-08-19T15:12:50Z,delivered
SHIP-7B7C75,BATCH-2026-F4D356,445000,MFG-IN-00001,DIST-IN-00014,2026-02-03T21:06:48Z,delivered
SHIP-AEAF81,BATCH-2026-F4D356,445000,DIST-IN-00014,WHS-IN-00010,2026-02-07T22:06:48Z,delivered
SHIP-D5F169,BATCH-2026-F4D356,445000,WHS-IN-00010,PHARM-IN-00041,2026-02-13T10:06:48Z,delivered
SHIP-124EEF,BATCH-2026-AA3E6D,263000,MFG-IN-00007,DIST-IN-00024,2026-01-13T22:07:40Z,delivered
SHIP-674B99,BATCH-2026-AA3E6D,263000,DIST-IN-00024,WHS-IN-00031,2026-01-18T02:07:40Z,delivered
SHIP-C9F863,BATCH-2026-AA3E6D,263000,WHS-IN-00031,PHARM-IN-00025,2026-01-21T05:07:40Z,delivered
SHIP-5B3F15,BATCH-2026-FF3E31,149500,MFG-IN-00005,DIST-IN-00014,2026-04-14T14:36:28Z,delivered
SHIP-6F52EE,BATCH-2026-FF3E31,149500,DIST-IN-00014,WHS-IN-00018,2026-04-22T00:36:28Z,delivered
SHIP-DAE3C4,BATCH-2026-FF3E31,149500,WHS-IN-00018,PHARM-IN-00018,2026-04-26T11:36:28Z,delivered
SHIP-99053E,BATCH-2026-FF3E31,149500,MFG-IN-00005,DIST-IN-00006,2026-04-14T22:36:28Z,delivered
SHIP-C54CBB,BATCH-2026-FF3E31,149500,DIST-IN-00006,WHS-IN-00003,2026-04-24T10:36:28Z,delivered
SHIP-AFFE74,BATCH-2026-FF3E31,74750,WHS-IN-00003,PHARM-IN-00046,2026-04-29T18:36:28Z,delivered
SHIP-1B1F2A,BATCH-2026-FF3E31,74750,WHS-IN-00003,PHARM-IN-00055,2026-05-03T18:36:28Z,delivered
SHIP-1BEF8F,BATCH-2025-ED5CAF,330000,MFG-IN-00015,DIST-IN-00012,2025-03-23T14:26:17Z,delivered
SHIP-C98925,BATCH-2025-ED5CAF,330000,DIST-IN-00012,WHS-IN-00027,2025-03-27T19:26:17Z,delivered
SHIP-D6524F,BATCH-2025-ED5CAF,110000,WHS-IN-00027,PHARM-IN-00050,2025-04-05T00:26:17Z,delivered
SHIP-2D944B,BATCH-2025-ED5CAF,110000,WHS-IN-00027,PHARM-IN-00019,2025-04-02T00:26:17Z,delivered
SHIP-7A0D18,BATCH-2025-ED5CAF,110000,WHS-IN-00027,PHARM-IN-00010,2025-04-04T00:26:17Z,delivered
SHIP-29273F,BATCH-2026-4A0187,5000,MFG-IN-00015,DIST-IN-00011,2026-01-23T08:09:58Z,delivered
SHIP-51D61E,BATCH-2026-4A0187,5000,DIST-IN-00011,WHS-IN-00009,2026-01-28T16:09:58Z,delivered
SHIP-1E3838,BATCH-2026-4A0187,1666,WHS-IN-00009,PHARM-IN-00033,2026-02-06T17:09:58Z,delivered
SHIP-1D1ACA,BATCH-2026-4A0187,1667,WHS-IN-00009,PHARM-IN-00035,2026-02-04T17:09:58Z,delivered
SHIP-8B1789,BATCH-2026-4A0187,1667,WHS-IN-00009,PHARM-IN-00003,2026-02-04T17:09:58Z,delivered
SHIP-E6238F,BATCH-2026-4A0187,5000,MFG-IN-00015,DIST-IN-00017,2026-01-23T16:09:58Z,delivered
SHIP-E3E9A9,BATCH-2026-4A0187,5000,DIST-IN-00017,WHS-IN-00034,2026-02-02T00:09:58Z,delivered
SHIP-42D55C,BATCH-2026-4A0187,2500,WHS-IN-00034,PHARM-IN-00045,2026-02-07T03:09:58Z,delivered
SHIP-17E235,BATCH-2026-4A0187,2500,WHS-IN-00034,PHARM-IN-00049,2026-02-08T03:09:58Z,delivered
SHIP-66C0BA,BATCH-2026-CA201F,45500,MFG-IN-00012,DIST-IN-00017,2026-07-05T05:49:33Z,delivered
SHIP-DA3FF5,BATCH-2026-CA201F,45500,DIST-IN-00017,WHS-IN-00016,2026-07-10T16:49:33Z,delivered
SHIP-C3DF26,BATCH-2026-CA201F,15166,WHS-IN-00016,PHARM-IN-00013,2026-07-14T19:49:33Z,delivered
SHIP-7C94DF,BATCH-2026-CA201F,15167,WHS-IN-00016,PHARM-IN-00002,2026-07-14T19:49:33Z,delivered
SHIP-52600B,BATCH-2026-CA201F,15167,WHS-IN-00016,PHARM-IN-00019,2026-07-17T19:49:33Z,delivered
SHIP-A25474,BATCH-2026-CA201F,45500,MFG-IN-00012,DIST-IN-00004,2026-07-04T20:49:33Z,delivered
SHIP-AE02B4,BATCH-2026-CA201F,45500,DIST-IN-00004,WHS-IN-00024,2026-07-10T01:49:33Z,delivered
SHIP-5D8252,BATCH-2026-CA201F,22750,WHS-IN-00024,PHARM-IN-00038,2026-07-17T07:49:33Z,delivered
SHIP-DAF0DB,BATCH-2026-CA201F,22750,WHS-IN-00024,PHARM-IN-00003,2026-07-16T07:49:33Z,delivered
SHIP-E60CD5,BATCH-2025-B4BD97,175000,MFG-IN-00006,DIST-IN-00013,2025-04-21T06:25:48Z,delivered
SHIP-A4E5A0,BATCH-2025-B4BD97,175000,DIST-IN-00013,WHS-IN-00032,2025-04-26T17:25:48Z,delivered
SHIP-26270A,BATCH-2025-B4BD97,87500,WHS-IN-00032,PHARM-IN-00006,2025-05-03T17:25:48Z,delivered
SHIP-EB5078,BATCH-2025-B4BD97,87500,WHS-IN-00032,PHARM-IN-00031,2025-05-01T17:25:48Z,delivered
SHIP-F8F5E8,BATCH-2025-B4BD97,175000,MFG-IN-00006,DIST-IN-00025,2025-04-21T15:25:48Z,delivered
SHIP-55222B,BATCH-2025-B4BD97,175000,DIST-IN-00025,WHS-IN-00020,2025-04-30T15:25:48Z,delivered
SHIP-54D988,BATCH-2025-B4BD97,175000,WHS-IN-00020,PHARM-IN-00044,2025-05-06T18:25:48Z,delivered
SHIP-85048A,BATCH-2026-0D53B0,229000,MFG-IN-00011,DIST-IN-00006,2026-08-12T23:31:55Z,delivered
SHIP-CCA743,BATCH-2026-0D53B0,229000,DIST-IN-00006,WHS-IN-00017,2026-08-22T11:31:55Z,delivered
SHIP-FE1609,BATCH-2026-0D53B0,229000,WHS-IN-00017,PHARM-IN-00029,2026-08-26T22:31:55Z,delivered
SHIP-467EBB,BATCH-2026-25EBC6,38500,MFG-IN-00001,DIST-IN-00014,2026-02-18T12:19:16Z,delivered
SHIP-69D1F3,BATCH-2026-25EBC6,38500,DIST-IN-00014,WHS-IN-00016,2026-02-21T19:19:16Z,delivered
SHIP-8D2D79,BATCH-2026-25EBC6,19250,WHS-IN-00016,PHARM-IN-00003,2026-02-28T07:19:16Z,delivered
SHIP-77DBFC,BATCH-2026-25EBC6,19250,WHS-IN-00016,PHARM-IN-00020,2026-02-28T07:19:16Z,delivered
SHIP-025912,BATCH-2026-25EBC6,38500,MFG-IN-00001,DIST-IN-00004,2026-02-18T14:19:16Z,delivered
SHIP-F52781,BATCH-2026-25EBC6,38500,DIST-IN-00004,WHS-IN-00002,2026-02-24T16:19:16Z,delivered
SHIP-812215,BATCH-2026-25EBC6,38500,WHS-IN-00002,PHARM-IN-00034,2026-03-03T21:19:16Z,delivered
SHIP-8DCE57,BATCH-2025-5123C3,428000,MFG-IN-00008,DIST-IN-00014,2025-02-24T02:17:49Z,delivered
SHIP-711EB4,BATCH-2025-5123C3,428000,DIST-IN-00014,WHS-IN-00006,2025-03-03T03:17:49Z,delivered
SHIP-FD95AC,BATCH-2025-5123C3,214000,WHS-IN-00006,PHARM-IN-00016,2025-03-08T10:17:49Z,delivered
SHIP-FB1E18,BATCH-2025-5123C3,214000,WHS-IN-00006,PHARM-IN-00059,2025-03-07T10:17:49Z,delivered
SHIP-63EDD7,BATCH-2026-BA46B3,127000,MFG-IN-00007,DIST-IN-00018,2026-02-21T11:58:40Z,delivered
SHIP-57FBD8,BATCH-2026-BA46B3,127000,DIST-IN-00018,WHS-IN-00012,2026-03-01T18:58:40Z,delivered
SHIP-074C0D,BATCH-2026-BA46B3,127000,WHS-IN-00012,PHARM-IN-00010,2026-03-08T19:58:40Z,delivered
SHIP-775F0B,BATCH-2025-CF9A1A,198000,MFG-IN-00013,DIST-IN-00002,2025-05-07T03:48:57Z,delivered
SHIP-A7AE08,BATCH-2025-CF9A1A,198000,DIST-IN-00002,WHS-IN-00034,2025-05-09T11:48:57Z,delivered
SHIP-6590D2,BATCH-2025-CF9A1A,198000,WHS-IN-00034,PHARM-IN-00016,2025-05-16T23:48:57Z,delivered
SHIP-6404F7,BATCH-2026-6F9317,45000,MFG-IN-00013,DIST-IN-00007,2026-06-25T18:50:46Z,delivered
SHIP-7272D9,BATCH-2026-6F9317,45000,DIST-IN-00007,WHS-IN-00010,2026-07-06T02:50:46Z,delivered
SHIP-E10670,BATCH-2026-6F9317,15000,WHS-IN-00010,PHARM-IN-00005,2026-07-09T10:50:46Z,delivered
SHIP-875B37,BATCH-2026-6F9317,15000,WHS-IN-00010,PHARM-IN-00031,2026-07-11T10:50:46Z,delivered
SHIP-32D85B,BATCH-2026-6F9317,15000,WHS-IN-00010,PHARM-IN-00033,2026-07-09T10:50:46Z,delivered
SHIP-147D58,BATCH-2026-116BD2,189500,MFG-IN-00010,DIST-IN-00001,2026-01-22T21:02:52Z,delivered
SHIP-1FF2AE,BATCH-2026-116BD2,189500,DIST-IN-00001,WHS-IN-00009,2026-01-31T06:02:52Z,delivered
SHIP-B27C7C,BATCH-2026-116BD2,189500,WHS-IN-00009,PHARM-IN-00034,2026-02-07T16:02:52Z,delivered
SHIP-B2CC95,BATCH-2026-116BD2,189500,MFG-IN-00010,DIST-IN-00007,2026-01-22T23:02:52Z,delivered
SHIP-08CBDE,BATCH-2026-116BD2,189500,DIST-IN-00007,WHS-IN-00006,2026-01-30T05:02:52Z,delivered
SHIP-DD0E26,BATCH-2026-116BD2,189500,WHS-IN-00006,PHARM-IN-00026,2026-02-04T17:02:52Z,delivered
SHIP-3514F5,BATCH-2026-B2EFE4,450000,MFG-IN-00003,DIST-IN-00018,2026-06-10T08:29:21Z,delivered
SHIP-C5794F,BATCH-2026-B2EFE4,450000,DIST-IN-00018,WHS-IN-00025,2026-06-19T15:29:21Z,delivered
SHIP-264A52,BATCH-2026-B2EFE4,450000,WHS-IN-00025,PHARM-IN-00032,2026-06-24T22:29:21Z,delivered
SHIP-D31318,BATCH-2025-209B2D,94500,MFG-IN-00002,DIST-IN-00010,2025-05-23T05:49:01Z,delivered
SHIP-7A0249,BATCH-2025-209B2D,94500,DIST-IN-00010,WHS-IN-00013,2025-05-29T10:49:01Z,delivered
SHIP-10D8CF,BATCH-2025-209B2D,47250,WHS-IN-00013,PHARM-IN-00027,2025-06-04T13:49:01Z,delivered
SHIP-2789AE,BATCH-2025-209B2D,47250,WHS-IN-00013,PHARM-IN-00018,2025-06-06T13:49:01Z,delivered
SHIP-6360BA,BATCH-2025-209B2D,94500,MFG-IN-00002,DIST-IN-00020,2025-05-23T03:49:01Z,delivered
SHIP-5B2D4B,BATCH-2025-209B2D,94500,DIST-IN-00020,WHS-IN-00014,2025-05-30T14:49:01Z,delivered
SHIP-741B23,BATCH-2025-209B2D,47250,WHS-IN-00014,PHARM-IN-00014,2025-06-04T15:49:01Z,delivered
SHIP-161484,BATCH-2025-209B2D,47250,WHS-IN-00014,PHARM-IN-00039,2025-06-04T15:49:01Z,delivered
SHIP-7C78D7,BATCH-2025-CB802F,68500,MFG-IN-00003,DIST-IN-00019,2025-09-20T00:03:04Z,delivered
SHIP-903FF1,BATCH-2025-CB802F,68500,DIST-IN-00019,WHS-IN-00017,2025-09-23T04:03:04Z,delivered
SHIP-C65574,BATCH-2025-CB802F,68500,WHS-IN-00017,PHARM-IN-00013,2025-09-30T12:03:04Z,delivered
SHIP-4E60B6,BATCH-2025-CB802F,68500,MFG-IN-00003,DIST-IN-00015,2025-09-20T11:03:04Z,delivered
SHIP-25CE59,BATCH-2025-CB802F,68500,DIST-IN-00015,WHS-IN-00004,2025-09-28T14:03:04Z,delivered
SHIP-56B353,BATCH-2025-CB802F,34250,WHS-IN-00004,PHARM-IN-00025,2025-10-03T23:03:04Z,delivered
SHIP-6FC857,BATCH-2025-CB802F,34250,WHS-IN-00004,PHARM-IN-00021,2025-10-05T23:03:04Z,delivered
SHIP-B0CD1F,BATCH-2026-0F69DB,115000,MFG-IN-00012,DIST-IN-00018,2026-07-13T02:33:56Z,delivered
SHIP-3CDADA,BATCH-2026-0F69DB,115000,DIST-IN-00018,WHS-IN-00028,2026-07-17T14:33:56Z,delivered
SHIP-A24128,BATCH-2026-0F69DB,115000,WHS-IN-00028,PHARM-IN-00022,2026-07-24T00:33:56Z,delivered
SHIP-B25695,BATCH-2025-4DA6F2,411000,MFG-IN-00004,DIST-IN-00008,2025-10-05T03:18:11Z,delivered
SHIP-6B6435,BATCH-2025-4DA6F2,411000,DIST-IN-00008,WHS-IN-00016,2025-10-10T11:18:11Z,delivered
SHIP-BABCEE,BATCH-2025-4DA6F2,205500,WHS-IN-00016,PHARM-IN-00011,2025-10-15T19:18:11Z,delivered
SHIP-0F8EEB,BATCH-2025-4DA6F2,205500,WHS-IN-00016,PHARM-IN-00052,2025-10-13T19:18:11Z,delivered
SHIP-65A629,BATCH-2026-FB11F6,140000,MFG-IN-00002,DIST-IN-00004,2026-03-10T14:53:36Z,delivered
SHIP-3AD9D8,BATCH-2026-FB11F6,140000,DIST-IN-00004,WHS-IN-00012,2026-03-14T21:53:36Z,delivered
SHIP-C0D48A,BATCH-2026-FB11F6,140000,WHS-IN-00012,PHARM-IN-00020,2026-03-21T22:53:36Z,delivered
SHIP-5B86C6,BATCH-2026-FB11F6,140000,MFG-IN-00002,DIST-IN-00008,2026-03-10T14:53:36Z,delivered
SHIP-337151,BATCH-2026-FB11F6,140000,DIST-IN-00008,WHS-IN-00029,2026-03-15T15:53:36Z,delivered
SHIP-EC88C8,BATCH-2026-FB11F6,46666,WHS-IN-00029,PHARM-IN-00049,2026-03-23T02:53:36Z,delivered
SHIP-C18402,BATCH-2026-FB11F6,46667,WHS-IN-00029,PHARM-IN-00025,2026-03-22T02:53:36Z,delivered
SHIP-B0B6C6,BATCH-2026-FB11F6,46667,WHS-IN-00029,PHARM-IN-00002,2026-03-22T02:53:36Z,delivered
SHIP-992446,BATCH-2025-A7B41D,450000,MFG-IN-00015,DIST-IN-00023,2025-05-27T02:20:21Z,delivered
SHIP-F5E758,BATCH-2025-A7B41D,450000,DIST-IN-00023,WHS-IN-00014,2025-06-02T04:20:21Z,delivered
SHIP-E61F5F,BATCH-2025-A7B41D,450000,WHS-IN-00014,PHARM-IN-00046,2025-06-08T09:20:21Z,delivered
SHIP-F82C9E,BATCH-2026-D304D0,9000,MFG-IN-00011,DIST-IN-00022,2026-02-15T13:20:56Z,delivered
SHIP-E2FD63,BATCH-2026-D304D0,9000,DIST-IN-00022,WHS-IN-00025,2026-02-21T20:20:56Z,delivered
SHIP-F88987,BATCH-2026-D304D0,9000,WHS-IN-00025,PHARM-IN-00028,2026-03-01T01:20:56Z,delivered
SHIP-38C1D0,BATCH-2026-D304D0,9000,MFG-IN-00011,DIST-IN-00019,2026-02-14T12:20:56Z,delivered
SHIP-970DF6,BATCH-2026-D304D0,9000,DIST-IN-00019,WHS-IN-00024,2026-02-20T15:20:56Z,delivered
SHIP-86DCAC,BATCH-2026-D304D0,9000,WHS-IN-00024,PHARM-IN-00038,2026-03-01T17:20:56Z,delivered
SHIP-B5C4E7,BATCH-2025-D4EEAE,269000,MFG-IN-00004,DIST-IN-00025,2025-04-01T04:13:16Z,delivered
SHIP-D89DC1,BATCH-2025-D4EEAE,269000,DIST-IN-00025,WHS-IN-00017,2025-04-04T05:13:16Z,delivered
SHIP-A0B60C,BATCH-2025-D4EEAE,269000,WHS-IN-00017,PHARM-IN-00055,2025-04-11T12:13:16Z,delivered
SHIP-CF9B65,BATCH-2026-FEEB20,52000,MFG-IN-00009,DIST-IN-00006,2026-01-11T04:00:52Z,delivered
SHIP-6A1217,BATCH-2026-FEEB20,52000,DIST-IN-00006,WHS-IN-00012,2026-01-16T05:00:52Z,delivered
SHIP-135AC5,BATCH-2026-FEEB20,52000,WHS-IN-00012,PHARM-IN-00052,2026-01-22T11:00:52Z,delivered
SHIP-087958,BATCH-2025-AD1A37,50000,MFG-IN-00003,DIST-IN-00006,2025-04-22T05:21:44Z,delivered
SHIP-021DFB,BATCH-2025-AD1A37,50000,DIST-IN-00006,WHS-IN-00012,2025-04-28T13:21:44Z,delivered
SHIP-1B096D,BATCH-2025-AD1A37,50000,WHS-IN-00012,PHARM-IN-00011,2025-05-03T16:21:44Z,delivered
SHIP-8BEBBB,BATCH-2026-889E87,210000,MFG-IN-00013,DIST-IN-00006,2026-04-05T21:02:15Z,delivered
SHIP-83F77D,BATCH-2026-889E87,210000,DIST-IN-00006,WHS-IN-00024,2026-04-12T23:02:15Z,delivered
SHIP-1D3E6B,BATCH-2026-889E87,105000,WHS-IN-00024,PHARM-IN-00046,2026-04-18T06:02:15Z,delivered
SHIP-382E6F,BATCH-2026-889E87,105000,WHS-IN-00024,PHARM-IN-00008,2026-04-17T06:02:15Z,delivered
SHIP-B89359,BATCH-2025-8E8B69,54000,MFG-IN-00007,DIST-IN-00017,2025-04-02T18:26:42Z,delivered
SHIP-5241AE,BATCH-2025-8E8B69,54000,DIST-IN-00017,WHS-IN-00034,2025-04-11T02:26:42Z,delivered
SHIP-95152B,BATCH-2025-8E8B69,27000,WHS-IN-00034,PHARM-IN-00034,2025-04-18T14:26:42Z,delivered
SHIP-900633,BATCH-2025-8E8B69,27000,WHS-IN-00034,PHARM-IN-00060,2025-04-16T14:26:42Z,delivered
SHIP-E9D788,BATCH-2025-A78B18,71000,MFG-IN-00010,DIST-IN-00012,2025-10-12T12:35:04Z,delivered
SHIP-BBAEF7,BATCH-2025-A78B18,71000,DIST-IN-00012,WHS-IN-00020,2025-10-19T18:35:04Z,delivered
SHIP-DFE234,BATCH-2025-A78B18,71000,WHS-IN-00020,PHARM-IN-00002,2025-10-22T23:35:04Z,delivered
SHIP-E3C72A,BATCH-2025-7DE013,497000,MFG-IN-00012,DIST-IN-00019,2025-06-21T23:03:41Z,delivered
SHIP-C3ABB6,BATCH-2025-7DE013,497000,DIST-IN-00019,WHS-IN-00010,2025-06-26T05:03:41Z,delivered
SHIP-4BAE3C,BATCH-2025-7DE013,248500,WHS-IN-00010,PHARM-IN-00030,2025-07-02T12:03:41Z,delivered
SHIP-72234A,BATCH-2025-7DE013,248500,WHS-IN-00010,PHARM-IN-00046,2025-06-30T12:03:41Z,delivered
SHIP-E2F6C8,BATCH-2025-9725BD,37000,MFG-IN-00013,DIST-IN-00021,2025-06-24T15:24:54Z,delivered
SHIP-BAFB91,BATCH-2025-9725BD,37000,DIST-IN-00021,WHS-IN-00025,2025-07-01T20:24:54Z,delivered
SHIP-BEA0A1,BATCH-2025-9725BD,37000,WHS-IN-00025,PHARM-IN-00033,2025-07-10T21:24:54Z,delivered
SHIP-0CD940,BATCH-2025-9725BD,37000,MFG-IN-00013,DIST-IN-00004,2025-06-23T20:24:54Z,delivered
SHIP-00F0AE,BATCH-2025-9725BD,37000,DIST-IN-00004,WHS-IN-00020,2025-07-02T01:24:54Z,delivered
SHIP-2CF238,BATCH-2025-9725BD,37000,WHS-IN-00020,PHARM-IN-00046,2025-07-09T01:24:54Z,delivered
SHIP-86B273,BATCH-2025-CAA540,149000,MFG-IN-00002,DIST-IN-00021,2025-11-04T04:03:29Z,delivered
SHIP-B0B98A,BATCH-2025-CAA540,149000,DIST-IN-00021,WHS-IN-00022,2025-11-10T11:03:29Z,delivered
SHIP-7B1E68,BATCH-2025-CAA540,149000,WHS-IN-00022,PHARM-IN-00004,2025-11-19T16:03:29Z,delivered
SHIP-D632BF,BATCH-2026-1A38A8,271000,MFG-IN-00012,DIST-IN-00017,2026-03-06T02:51:39Z,delivered
SHIP-FB2CC1,BATCH-2026-1A38A8,271000,DIST-IN-00017,WHS-IN-00022,2026-03-13T04:51:39Z,delivered
SHIP-975A72,BATCH-2026-1A38A8,271000,WHS-IN-00022,PHARM-IN-00049,2026-03-19T15:51:39Z,delivered
SHIP-B01FB5,BATCH-2025-A2D61B,140000,MFG-IN-00014,DIST-IN-00008,2025-11-24T16:11:49Z,delivered
SHIP-07A0BB,BATCH-2025-A2D61B,140000,DIST-IN-00008,WHS-IN-00013,2025-12-01T16:11:49Z,delivered
SHIP-C6A218,BATCH-2025-A2D61B,70000,WHS-IN-00013,PHARM-IN-00037,2025-12-05T22:11:49Z,delivered
SHIP-2B65AC,BATCH-2025-A2D61B,70000,WHS-IN-00013,PHARM-IN-00017,2025-12-04T22:11:49Z,delivered
SHIP-5EAB77,BATCH-2025-ECFBBF,16000,MFG-IN-00011,DIST-IN-00008,2025-08-11T04:46:01Z,delivered
SHIP-A93257,BATCH-2025-ECFBBF,16000,DIST-IN-00008,WHS-IN-00030,2025-08-18T05:46:01Z,delivered
SHIP-E37CA1,BATCH-2025-ECFBBF,8000,WHS-IN-00030,PHARM-IN-00036,2025-08-24T12:46:01Z,delivered
SHIP-EE318E,BATCH-2025-ECFBBF,8000,WHS-IN-00030,PHARM-IN-00057,2025-08-26T12:46:01Z,delivered
SHIP-FF5391,BATCH-2025-ECFBBF,16000,MFG-IN-00011,DIST-IN-00015,2025-08-09T23:46:01Z,delivered
SHIP-2BD178,BATCH-2025-ECFBBF,16000,DIST-IN-00015,WHS-IN-00018,2025-08-14T05:46:01Z,delivered
SHIP-708E8A,BATCH-2025-ECFBBF,16000,WHS-IN-00018,PHARM-IN-00038,2025-08-20T12:46:01Z,delivered
SHIP-1008B3,BATCH-2025-AA70B6,101000,MFG-IN-00008,DIST-IN-00008,2025-12-08T16:15:17Z,delivered
SHIP-2E17BF,BATCH-2025-AA70B6,101000,DIST-IN-00008,WHS-IN-00027,2025-12-16T17:15:17Z,delivered
SHIP-17BF1D,BATCH-2025-AA70B6,101000,WHS-IN-00027,PHARM-IN-00016,2025-12-22T23:15:17Z,delivered
SHIP-0F1BA3,BATCH-2025-CE2BD5,68500,MFG-IN-00015,DIST-IN-00002,2025-08-09T12:16:07Z,delivered
SHIP-E50203,BATCH-2025-CE2BD5,68500,DIST-IN-00002,WHS-IN-00002,2025-08-14T18:16:07Z,delivered
SHIP-02BE1E,BATCH-2025-CE2BD5,68500,WHS-IN-00002,PHARM-IN-00057,2025-08-21T19:16:07Z,delivered
SHIP-05A5F7,BATCH-2025-CE2BD5,68500,MFG-IN-00015,DIST-IN-00014,2025-08-09T10:16:07Z,delivered
SHIP-74880D,BATCH-2025-CE2BD5,68500,DIST-IN-00014,WHS-IN-00016,2025-08-18T13:16:07Z,delivered
SHIP-06FA8F,BATCH-2025-CE2BD5,34250,WHS-IN-00016,PHARM-IN-00038,2025-08-21T18:16:07Z,delivered
SHIP-E44478,BATCH-2025-CE2BD5,34250,WHS-IN-00016,PHARM-IN-00025,2025-08-21T18:16:07Z,delivered
SHIP-117CF9,BATCH-2025-70D0E6,71000,MFG-IN-00006,DIST-IN-00003,2025-04-14T14:55:12Z,delivered
SHIP-26423B,BATCH-2025-70D0E6,71000,DIST-IN-00003,WHS-IN-00003,2025-04-17T21:55:12Z,delivered
SHIP-74E508,BATCH-2025-70D0E6,35500,WHS-IN-00003,PHARM-IN-00006,2025-04-23T02:55:12Z,delivered
SHIP-19E723,BATCH-2025-70D0E6,35500,WHS-IN-00003,PHARM-IN-00003,2025-04-22T02:55:12Z,delivered
SHIP-1BA2B2,BATCH-2025-BF0405,249000,MFG-IN-00001,DIST-IN-00007,2025-08-08T15:28:15Z,delivered
SHIP-192D92,BATCH-2025-BF0405,249000,DIST-IN-00007,WHS-IN-00034,2025-08-10T19:28:15Z,delivered
SHIP-F9FB2C,BATCH-2025-BF0405,124500,WHS-IN-00034,PHARM-IN-00055,2025-08-15T21:28:15Z,delivered
SHIP-810F7D,BATCH-2025-BF0405,124500,WHS-IN-00034,PHARM-IN-00017,2025-08-16T21:28:15Z,delivered
SHIP-D9F7D4,BATCH-2025-BF0405,249000,MFG-IN-00001,DIST-IN-00006,2025-08-09T02:28:15Z,delivered
SHIP-CB0F35,BATCH-2025-BF0405,249000,DIST-IN-00006,WHS-IN-00029,2025-08-14T13:28:15Z,delivered
SHIP-B22727,BATCH-2025-BF0405,124500,WHS-IN-00029,PHARM-IN-00060,2025-08-20T17:28:15Z,delivered
SHIP-062424,BATCH-2025-BF0405,124500,WHS-IN-00029,PHARM-IN-00016,2025-08-21T17:28:15Z,delivered
SHIP-AF9805,BATCH-2025-4E1A0F,54000,MFG-IN-00008,DIST-IN-00002,2025-10-15T14:49:34Z,delivered
SHIP-B55478,BATCH-2025-4E1A0F,54000,DIST-IN-00002,WHS-IN-00009,2025-10-19T15:49:34Z,delivered
SHIP-4D6008,BATCH-2025-4E1A0F,27000,WHS-IN-00009,PHARM-IN-00038,2025-10-24T19:49:34Z,delivered
SHIP-074135,BATCH-2025-4E1A0F,27000,WHS-IN-00009,PHARM-IN-00016,2025-10-25T19:49:34Z,delivered
SHIP-218BC4,BATCH-2026-6784CC,194000,MFG-IN-00004,DIST-IN-00021,2026-04-28T08:07:09Z,delivered
SHIP-1EE3C7,BATCH-2026-6784CC,194000,DIST-IN-00021,WHS-IN-00005,2026-05-03T11:07:09Z,delivered
SHIP-185756,BATCH-2026-6784CC,194000,WHS-IN-00005,PHARM-IN-00053,2026-05-08T23:07:09Z,delivered
SHIP-1F020B,BATCH-2026-6784CC,194000,MFG-IN-00004,DIST-IN-00002,2026-04-29T19:07:09Z,delivered
SHIP-B553DD,BATCH-2026-6784CC,194000,DIST-IN-00002,WHS-IN-00021,2026-05-09T02:07:09Z,delivered
SHIP-24E127,BATCH-2026-6784CC,64666,WHS-IN-00021,PHARM-IN-00049,2026-05-15T12:07:09Z,delivered
SHIP-F6A08C,BATCH-2026-6784CC,64667,WHS-IN-00021,PHARM-IN-00037,2026-05-16T12:07:09Z,delivered
SHIP-7FEDDB,BATCH-2026-6784CC,64667,WHS-IN-00021,PHARM-IN-00056,2026-05-16T12:07:09Z,delivered
SHIP-A0FB72,BATCH-2025-29FF2A,87000,MFG-IN-00010,DIST-IN-00020,2025-07-17T11:56:16Z,delivered
SHIP-8B8767,BATCH-2025-29FF2A,87000,DIST-IN-00020,WHS-IN-00027,2025-07-20T22:56:16Z,delivered
SHIP-1CC977,BATCH-2025-29FF2A,43500,WHS-IN-00027,PHARM-IN-00052,2025-07-25T08:56:16Z,delivered
SHIP-BFB7D1,BATCH-2025-29FF2A,43500,WHS-IN-00027,PHARM-IN-00040,2025-07-26T08:56:16Z,delivered
SHIP-980638,BATCH-2026-734F4B,335000,MFG-IN-00001,DIST-IN-00022,2026-04-13T08:08:03Z,delivered
SHIP-CC5860,BATCH-2026-734F4B,335000,DIST-IN-00022,WHS-IN-00028,2026-04-23T16:08:03Z,delivered
SHIP-7B6F75,BATCH-2026-734F4B,167500,WHS-IN-00028,PHARM-IN-00049,2026-04-25T23:08:03Z,delivered
SHIP-E01929,BATCH-2026-734F4B,167500,WHS-IN-00028,PHARM-IN-00030,2026-04-28T23:08:03Z,delivered
SHIP-053BB8,BATCH-2025-518C79,57500,MFG-IN-00001,DIST-IN-00020,2025-10-10T16:24:49Z,delivered
SHIP-B04C84,BATCH-2025-518C79,57500,DIST-IN-00020,WHS-IN-00020,2025-10-18T23:24:49Z,delivered
SHIP-7721D8,BATCH-2025-518C79,57500,WHS-IN-00020,PHARM-IN-00001,2025-10-25T02:24:49Z,delivered
SHIP-89F798,BATCH-2025-518C79,57500,MFG-IN-00001,DIST-IN-00019,2025-10-11T00:24:49Z,delivered
SHIP-694835,BATCH-2025-518C79,57500,DIST-IN-00019,WHS-IN-00028,2025-10-14T06:24:49Z,delivered
SHIP-6F47DA,BATCH-2025-518C79,28750,WHS-IN-00028,PHARM-IN-00058,2025-10-19T18:24:49Z,delivered
SHIP-135ED9,BATCH-2025-518C79,28750,WHS-IN-00028,PHARM-IN-00035,2025-10-20T18:24:49Z,delivered
SHIP-953674,BATCH-2025-9BBB76,374000,MFG-IN-00007,DIST-IN-00018,2025-04-01T19:31:30Z,delivered
SHIP-E32B11,BATCH-2025-9BBB76,374000,DIST-IN-00018,WHS-IN-00012,2025-04-09T01:31:30Z,delivered
SHIP-7F9102,BATCH-2025-9BBB76,374000,WHS-IN-00012,PHARM-IN-00042,2025-04-13T01:31:30Z,delivered
SHIP-3939C3,BATCH-2026-61CD23,368000,MFG-IN-00015,DIST-IN-00024,2026-03-25T03:00:50Z,delivered
SHIP-60AD8F,BATCH-2026-61CD23,368000,DIST-IN-00024,WHS-IN-00027,2026-03-30T13:00:50Z,delivered
SHIP-8F25E9,BATCH-2026-61CD23,368000,WHS-IN-00027,PHARM-IN-00049,2026-04-06T16:00:50Z,delivered
SHIP-2E10EC,BATCH-2026-C4938F,268000,MFG-IN-00012,DIST-IN-00005,2026-05-09T02:20:57Z,delivered
SHIP-DA18DE,BATCH-2026-C4938F,268000,DIST-IN-00005,WHS-IN-00012,2026-05-12T03:20:57Z,delivered
SHIP-718C68,BATCH-2026-C4938F,134000,WHS-IN-00012,PHARM-IN-00054,2026-05-21T08:20:57Z,delivered
SHIP-9CC68F,BATCH-2026-C4938F,134000,WHS-IN-00012,PHARM-IN-00050,2026-05-20T08:20:57Z,delivered
SHIP-60C6CA,BATCH-2026-2AA0F6,232000,MFG-IN-00007,DIST-IN-00003,2026-05-20T04:44:12Z,delivered
SHIP-7EB81E,BATCH-2026-2AA0F6,232000,DIST-IN-00003,WHS-IN-00035,2026-05-27T16:44:12Z,delivered
SHIP-A44756,BATCH-2026-2AA0F6,77333,WHS-IN-00035,PHARM-IN-00011,2026-05-31T01:44:12Z,delivered
SHIP-6858E6,BATCH-2026-2AA0F6,77333,WHS-IN-00035,PHARM-IN-00010,2026-05-30T01:44:12Z,delivered
SHIP-EA78AA,BATCH-2026-2AA0F6,77334,WHS-IN-00035,PHARM-IN-00022,2026-05-30T01:44:12Z,delivered
SHIP-454EF1,BATCH-2025-CC266A,172000,MFG-IN-00005,DIST-IN-00021,2025-12-18T18:10:07Z,delivered
SHIP-B0A6F9,BATCH-2025-CC266A,172000,DIST-IN-00021,WHS-IN-00032,2025-12-25T05:10:07Z,delivered
SHIP-7C2755,BATCH-2025-CC266A,86000,WHS-IN-00032,PHARM-IN-00013,2025-12-30T11:10:07Z,delivered
SHIP-036DDF,BATCH-2025-CC266A,86000,WHS-IN-00032,PHARM-IN-00058,2025-12-30T11:10:07Z,delivered
SHIP-3C6D9C,BATCH-2025-8DF26E,44500,MFG-IN-00002,DIST-IN-00014,2025-05-29T13:18:31Z,delivered
SHIP-CB5D05,BATCH-2025-8DF26E,44500,DIST-IN-00014,WHS-IN-00007,2025-06-07T14:18:31Z,delivered
SHIP-9DCA39,BATCH-2025-8DF26E,22250,WHS-IN-00007,PHARM-IN-00036,2025-06-11T23:18:31Z,delivered
SHIP-B85B7D,BATCH-2025-8DF26E,22250,WHS-IN-00007,PHARM-IN-00047,2025-06-11T23:18:31Z,delivered
SHIP-884060,BATCH-2025-8DF26E,44500,MFG-IN-00002,DIST-IN-00024,2025-05-29T11:18:31Z,delivered
SHIP-CBECE2,BATCH-2025-8DF26E,44500,DIST-IN-00024,WHS-IN-00020,2025-06-05T12:18:31Z,delivered
SHIP-CE831B,BATCH-2025-8DF26E,14833,WHS-IN-00020,PHARM-IN-00010,2025-06-11T23:18:31Z,delivered
SHIP-AB77D9,BATCH-2025-8DF26E,14833,WHS-IN-00020,PHARM-IN-00018,2025-06-08T23:18:31Z,delivered
SHIP-D891FF,BATCH-2025-8DF26E,14834,WHS-IN-00020,PHARM-IN-00022,2025-06-11T23:18:31Z,delivered
SHIP-A497FB,BATCH-2025-35273B,284000,MFG-IN-00008,DIST-IN-00023,2025-12-25T01:56:35Z,delivered
SHIP-9962FB,BATCH-2025-35273B,284000,DIST-IN-00023,WHS-IN-00007,2025-12-29T06:56:35Z,delivered
SHIP-754611,BATCH-2025-35273B,284000,WHS-IN-00007,PHARM-IN-00014,2026-01-06T11:56:35Z,delivered
SHIP-532D99,BATCH-2025-6DA0D3,145000,MFG-IN-00004,DIST-IN-00025,2025-10-15T11:16:20Z,delivered
SHIP-9A6AD0,BATCH-2025-6DA0D3,145000,DIST-IN-00025,WHS-IN-00020,2025-10-17T23:16:20Z,delivered
SHIP-8E6FF1,BATCH-2025-6DA0D3,145000,WHS-IN-00020,PHARM-IN-00057,2025-10-26T11:16:20Z,delivered
SHIP-3B7876,BATCH-2026-C8CCF9,120000,MFG-IN-00013,DIST-IN-00002,2026-08-08T10:44:49Z,delivered
SHIP-8F327B,BATCH-2026-C8CCF9,120000,DIST-IN-00002,WHS-IN-00007,2026-08-13T19:44:49Z,delivered
SHIP-B51725,BATCH-2026-C8CCF9,60000,WHS-IN-00007,PHARM-IN-00007,2026-08-17T02:44:49Z,delivered
SHIP-AB6D39,BATCH-2026-C8CCF9,60000,WHS-IN-00007,PHARM-IN-00017,2026-08-17T02:44:49Z,delivered
SHIP-2F15D9,BATCH-2025-32FB7E,136000,MFG-IN-00012,DIST-IN-00001,2025-11-18T05:31:32Z,delivered
SHIP-7600F5,BATCH-2025-32FB7E,136000,DIST-IN-00001,WHS-IN-00027,2025-11-21T07:31:32Z,delivered
SHIP-D6E32F,BATCH-2025-32FB7E,68000,WHS-IN-00027,PHARM-IN-00016,2025-11-28T16:31:32Z,delivered
SHIP-1C6C69,BATCH-2025-32FB7E,68000,WHS-IN-00027,PHARM-IN-00004,2025-11-26T16:31:32Z,delivered
SHIP-CA1653,BATCH-2025-32FB7E,136000,MFG-IN-00012,DIST-IN-00016,2025-11-17T08:31:32Z,delivered
SHIP-C85755,BATCH-2025-32FB7E,136000,DIST-IN-00016,WHS-IN-00018,2025-11-23T17:31:32Z,delivered
SHIP-6FD26C,BATCH-2025-32FB7E,136000,WHS-IN-00018,PHARM-IN-00039,2025-11-29T04:31:32Z,delivered
SHIP-BE1FD6,BATCH-2025-92EF49,447000,MFG-IN-00005,DIST-IN-00024,2025-03-11T23:24:43Z,delivered
SHIP-354C67,BATCH-2025-92EF49,447000,DIST-IN-00024,WHS-IN-00008,2025-03-20T08:24:43Z,delivered
SHIP-9EE07E,BATCH-2025-92EF49,447000,WHS-IN-00008,PHARM-IN-00016,2025-03-23T10:24:43Z,delivered
SHIP-F19B8B,BATCH-2025-61F2DF,62000,MFG-IN-00009,DIST-IN-00007,2025-04-28T20:48:25Z,delivered
SHIP-B7F917,BATCH-2025-61F2DF,62000,DIST-IN-00007,WHS-IN-00008,2025-05-06T06:48:25Z,delivered
SHIP-D197FA,BATCH-2025-61F2DF,62000,WHS-IN-00008,PHARM-IN-00029,2025-05-09T12:48:25Z,delivered
SHIP-688FC4,BATCH-2025-7F33D9,215500,MFG-IN-00001,DIST-IN-00011,2025-05-29T06:42:31Z,delivered
SHIP-4EC4F5,BATCH-2025-7F33D9,215500,DIST-IN-00011,WHS-IN-00010,2025-06-03T13:42:31Z,delivered
SHIP-A4B8E3,BATCH-2025-7F33D9,71833,WHS-IN-00010,PHARM-IN-00055,2025-06-11T18:42:31Z,delivered
SHIP-05DB6C,BATCH-2025-7F33D9,71833,WHS-IN-00010,PHARM-IN-00043,2025-06-08T18:42:31Z,delivered
SHIP-A9E22C,BATCH-2025-7F33D9,71834,WHS-IN-00010,PHARM-IN-00016,2025-06-11T18:42:31Z,delivered
SHIP-2B76B6,BATCH-2025-7F33D9,215500,MFG-IN-00001,DIST-IN-00014,2025-05-29T11:42:31Z,delivered
SHIP-E5CDB4,BATCH-2025-7F33D9,215500,DIST-IN-00014,WHS-IN-00014,2025-06-06T19:42:31Z,delivered
SHIP-E9DEE4,BATCH-2025-7F33D9,215500,WHS-IN-00014,PHARM-IN-00012,2025-06-11T23:42:31Z,delivered
SHIP-78C0E4,BATCH-2026-5FB134,479000,MFG-IN-00011,DIST-IN-00012,2026-05-14T00:18:08Z,delivered
SHIP-23CB80,BATCH-2026-5FB134,479000,DIST-IN-00012,WHS-IN-00018,2026-05-20T07:18:08Z,delivered
SHIP-4038F8,BATCH-2026-5FB134,239500,WHS-IN-00018,PHARM-IN-00029,2026-05-26T11:18:08Z,delivered
SHIP-548003,BATCH-2026-5FB134,239500,WHS-IN-00018,PHARM-IN-00058,2026-05-28T11:18:08Z,delivered
SHIP-830B0C,BATCH-2026-F14542,424000,MFG-IN-00002,DIST-IN-00024,2026-07-02T03:04:06Z,delivered
SHIP-D17123,BATCH-2026-F14542,424000,DIST-IN-00024,WHS-IN-00018,2026-07-11T14:04:06Z,delivered
SHIP-CE4BD0,BATCH-2026-F14542,424000,WHS-IN-00018,PHARM-IN-00037,2026-07-16T01:04:06Z,delivered
SHIP-200A95,BATCH-2025-CD2E2C,246000,MFG-IN-00014,DIST-IN-00025,2025-05-23T19:04:52Z,delivered
SHIP-9621D2,BATCH-2025-CD2E2C,246000,DIST-IN-00025,WHS-IN-00034,2025-05-27T05:04:52Z,delivered
SHIP-BF789D,BATCH-2025-CD2E2C,123000,WHS-IN-00034,PHARM-IN-00050,2025-06-02T05:04:52Z,delivered
SHIP-08F3A4,BATCH-2025-CD2E2C,123000,WHS-IN-00034,PHARM-IN-00036,2025-05-31T05:04:52Z,delivered
SHIP-63FAAF,BATCH-2025-CD2E2C,246000,MFG-IN-00014,DIST-IN-00022,2025-05-24T02:04:52Z,delivered
SHIP-BD2B63,BATCH-2025-CD2E2C,246000,DIST-IN-00022,WHS-IN-00013,2025-06-03T06:04:52Z,delivered
SHIP-1CB1F4,BATCH-2025-CD2E2C,246000,WHS-IN-00013,PHARM-IN-00031,2025-06-12T16:04:52Z,delivered
SHIP-1049A9,BATCH-2025-4F6213,25000,MFG-IN-00015,DIST-IN-00011,2025-12-19T01:18:33Z,delivered
SHIP-D7FA8F,BATCH-2025-4F6213,25000,DIST-IN-00011,WHS-IN-00032,2025-12-23T09:18:33Z,delivered
SHIP-DB033D,BATCH-2025-4F6213,12500,WHS-IN-00032,PHARM-IN-00007,2025-12-29T17:18:33Z,delivered
SHIP-35A230,BATCH-2025-4F6213,12500,WHS-IN-00032,PHARM-IN-00037,2025-12-29T17:18:33Z,delivered
SHIP-144DA1,BATCH-2025-EB72F4,150000,MFG-IN-00003,DIST-IN-00018,2025-08-02T15:35:53Z,delivered
SHIP-92B624,BATCH-2025-EB72F4,150000,DIST-IN-00018,WHS-IN-00014,2025-08-07T18:35:53Z,delivered
SHIP-EE3C4B,BATCH-2025-EB72F4,150000,WHS-IN-00014,PHARM-IN-00038,2025-08-12T18:35:53Z,delivered
SHIP-135031,BATCH-2026-78A21E,170500,MFG-IN-00003,DIST-IN-00003,2026-06-06T14:46:34Z,delivered
SHIP-3E5105,BATCH-2026-78A21E,170500,DIST-IN-00003,WHS-IN-00035,2026-06-13T15:46:34Z,delivered
SHIP-8DA487,BATCH-2026-78A21E,85250,WHS-IN-00035,PHARM-IN-00035,2026-06-16T15:46:34Z,delivered
SHIP-74A807,BATCH-2026-78A21E,85250,WHS-IN-00035,PHARM-IN-00011,2026-06-18T15:46:34Z,delivered
SHIP-ABC47A,BATCH-2026-78A21E,170500,MFG-IN-00003,DIST-IN-00011,2026-06-06T11:46:34Z,delivered
SHIP-951320,BATCH-2026-78A21E,170500,DIST-IN-00011,WHS-IN-00023,2026-06-12T11:46:34Z,delivered
SHIP-D54BBE,BATCH-2026-78A21E,170500,WHS-IN-00023,PHARM-IN-00007,2026-06-21T19:46:34Z,delivered
SHIP-B56DE7,BATCH-2025-641C2D,153000,MFG-IN-00015,DIST-IN-00006,2025-04-03T07:43:56Z,delivered
SHIP-175D74,BATCH-2025-641C2D,153000,DIST-IN-00006,WHS-IN-00013,2025-04-06T18:43:56Z,delivered
SHIP-A109DF,BATCH-2025-641C2D,76500,WHS-IN-00013,PHARM-IN-00043,2025-04-10T20:43:56Z,delivered
SHIP-B9D9CB,BATCH-2025-641C2D,76500,WHS-IN-00013,PHARM-IN-00029,2025-04-10T20:43:56Z,delivered
SHIP-3F8DBD,BATCH-2026-B2E0A7,102500,MFG-IN-00004,DIST-IN-00014,2026-06-17T08:06:50Z,delivered
SHIP-877BC6,BATCH-2026-B2E0A7,102500,DIST-IN-00014,WHS-IN-00011,2026-06-24T14:06:50Z,delivered
SHIP-39472C,BATCH-2026-B2E0A7,51250,WHS-IN-00011,PHARM-IN-00058,2026-06-26T22:06:50Z,delivered
SHIP-597F1D,BATCH-2026-B2E0A7,51250,WHS-IN-00011,PHARM-IN-00027,2026-06-27T22:06:50Z,delivered
SHIP-6C4DBA,BATCH-2026-B2E0A7,102500,MFG-IN-00004,DIST-IN-00005,2026-06-17T04:06:50Z,delivered
SHIP-E58579,BATCH-2026-B2E0A7,102500,DIST-IN-00005,WHS-IN-00018,2026-06-27T07:06:50Z,delivered
SHIP-C2D70A,BATCH-2026-B2E0A7,34166,WHS-IN-00018,PHARM-IN-00039,2026-07-05T14:06:50Z,delivered
SHIP-061AAA,BATCH-2026-B2E0A7,34167,WHS-IN-00018,PHARM-IN-00035,2026-07-02T14:06:50Z,delivered
SHIP-92E092,BATCH-2026-B2E0A7,34167,WHS-IN-00018,PHARM-IN-00043,2026-07-03T14:06:50Z,delivered
SHIP-0B04F1,BATCH-2025-660563,208000,MFG-IN-00013,DIST-IN-00010,2025-11-10T15:15:38Z,delivered
SHIP-F05F1A,BATCH-2025-660563,208000,DIST-IN-00010,WHS-IN-00009,2025-11-15T16:15:38Z,delivered
SHIP-3037CA,BATCH-2025-660563,104000,WHS-IN-00009,PHARM-IN-00026,2025-11-23T03:15:38Z,delivered
SHIP-C1B720,BATCH-2025-660563,104000,WHS-IN-00009,PHARM-IN-00059,2025-11-23T03:15:38Z,delivered
SHIP-F15331,BATCH-2025-BCBFAE,39000,MFG-IN-00006,DIST-IN-00002,2025-03-12T08:15:21Z,delivered
SHIP-66E64F,BATCH-2025-BCBFAE,39000,DIST-IN-00002,WHS-IN-00022,2025-03-18T11:15:21Z,delivered
SHIP-643C2F,BATCH-2025-BCBFAE,39000,WHS-IN-00022,PHARM-IN-00009,2025-03-21T15:15:21Z,delivered
SHIP-6A341F,BATCH-2025-B5CC2E,68000,MFG-IN-00013,DIST-IN-00007,2025-06-18T19:37:19Z,delivered
SHIP-47A61D,BATCH-2025-B5CC2E,68000,DIST-IN-00007,WHS-IN-00029,2025-06-21T03:37:19Z,delivered
SHIP-81A410,BATCH-2025-B5CC2E,34000,WHS-IN-00029,PHARM-IN-00021,2025-06-27T14:37:19Z,delivered
SHIP-90D892,BATCH-2025-B5CC2E,34000,WHS-IN-00029,PHARM-IN-00030,2025-06-26T14:37:19Z,delivered
SHIP-86C1D9,BATCH-2025-B5CC2E,68000,MFG-IN-00013,DIST-IN-00005,2025-06-18T17:37:19Z,delivered
SHIP-184FA7,BATCH-2025-B5CC2E,68000,DIST-IN-00005,WHS-IN-00006,2025-06-23T05:37:19Z,delivered
SHIP-CB09AF,BATCH-2025-B5CC2E,68000,WHS-IN-00006,PHARM-IN-00013,2025-06-29T17:37:19Z,delivered
SHIP-3FA65A,BATCH-2025-1FE484,191000,MFG-IN-00014,DIST-IN-00021,2025-08-05T11:07:42Z,delivered
SHIP-BEAA05,BATCH-2025-1FE484,191000,DIST-IN-00021,WHS-IN-00025,2025-08-13T16:07:42Z,delivered
SHIP-A614DE,BATCH-2025-1FE484,95500,WHS-IN-00025,PHARM-IN-00017,2025-08-16T04:07:42Z,delivered
SHIP-C77BE5,BATCH-2025-1FE484,95500,WHS-IN-00025,PHARM-IN-00011,2025-08-18T04:07:42Z,delivered
SHIP-D53A43,BATCH-2026-B9D4A5,477000,MFG-IN-00010,DIST-IN-00025,2026-08-11T04:42:06Z,delivered
SHIP-7D8BC8,BATCH-2026-B9D4A5,477000,DIST-IN-00025,WHS-IN-00031,2026-08-13T09:42:06Z,delivered
SHIP-D516E9,BATCH-2026-B9D4A5,477000,WHS-IN-00031,PHARM-IN-00004,2026-08-18T16:42:06Z,delivered
SHIP-F7DD93,BATCH-2026-8C17B0,438000,MFG-IN-00006,DIST-IN-00011,2026-04-26T08:06:37Z,delivered
SHIP-C73A6D,BATCH-2026-8C17B0,438000,DIST-IN-00011,WHS-IN-00026,2026-05-03T16:06:37Z,delivered
SHIP-91F27D,BATCH-2026-8C17B0,438000,WHS-IN-00026,PHARM-IN-00018,2026-05-09T19:06:37Z,delivered
SHIP-57E192,BATCH-2025-1194AE,19000,MFG-IN-00003,DIST-IN-00012,2025-03-15T23:41:43Z,delivered
SHIP-8AE28E,BATCH-2025-1194AE,19000,DIST-IN-00012,WHS-IN-00003,2025-03-26T10:41:43Z,delivered
SHIP-0156A8,BATCH-2025-1194AE,19000,WHS-IN-00003,PHARM-IN-00027,2025-04-04T10:41:43Z,delivered
SHIP-99BA4E,BATCH-2025-1194AE,19000,MFG-IN-00003,DIST-IN-00010,2025-03-14T12:41:43Z,delivered
SHIP-979A58,BATCH-2025-1194AE,19000,DIST-IN-00010,WHS-IN-00004,2025-03-19T14:41:43Z,delivered
SHIP-5053E9,BATCH-2025-1194AE,19000,WHS-IN-00004,PHARM-IN-00034,2025-03-21T15:41:43Z,delivered
SHIP-3D2804,BATCH-2025-2AF242,239500,MFG-IN-00001,DIST-IN-00021,2025-02-17T18:44:28Z,delivered
SHIP-69D675,BATCH-2025-2AF242,239500,DIST-IN-00021,WHS-IN-00025,2025-02-27T21:44:28Z,delivered
SHIP-16BE5B,BATCH-2025-2AF242,239500,WHS-IN-00025,PHARM-IN-00016,2025-03-04T05:44:28Z,delivered
SHIP-A8C5D6,BATCH-2025-2AF242,239500,MFG-IN-00001,DIST-IN-00006,2025-02-18T03:44:28Z,delivered
SHIP-882951,BATCH-2025-2AF242,239500,DIST-IN-00006,WHS-IN-00034,2025-02-26T14:44:28Z,delivered
SHIP-6CF33C,BATCH-2025-2AF242,239500,WHS-IN-00034,PHARM-IN-00016,2025-03-05T20:44:28Z,delivered
SHIP-4F40F8,BATCH-2025-27F602,21000,MFG-IN-00006,DIST-IN-00010,2025-10-23T13:07:57Z,delivered
SHIP-6EE6AD,BATCH-2025-27F602,21000,DIST-IN-00010,WHS-IN-00019,2025-11-02T13:07:57Z,delivered
SHIP-AB6B50,BATCH-2025-27F602,7000,WHS-IN-00019,PHARM-IN-00024,2025-11-07T15:07:57Z,delivered
SHIP-BACA77,BATCH-2025-27F602,7000,WHS-IN-00019,PHARM-IN-00049,2025-11-09T15:07:57Z,delivered
SHIP-490ADC,BATCH-2025-27F602,7000,WHS-IN-00019,PHARM-IN-00019,2025-11-09T15:07:57Z,delivered
SHIP-3DE101,BATCH-2025-0B0618,23500,MFG-IN-00015,DIST-IN-00016,2025-05-12T05:42:34Z,delivered
SHIP-5ED022,BATCH-2025-0B0618,23500,DIST-IN-00016,WHS-IN-00015,2025-05-21T09:42:34Z,delivered
SHIP-A26591,BATCH-2025-0B0618,11750,WHS-IN-00015,PHARM-IN-00033,2025-05-24T14:42:34Z,delivered
SHIP-1157D8,BATCH-2025-0B0618,11750,WHS-IN-00015,PHARM-IN-00034,2025-05-26T14:42:34Z,delivered
SHIP-9DA535,BATCH-2025-0B0618,23500,MFG-IN-00015,DIST-IN-00013,2025-05-11T05:42:34Z,delivered
SHIP-D3147D,BATCH-2025-0B0618,23500,DIST-IN-00013,WHS-IN-00019,2025-05-16T15:42:34Z,delivered
SHIP-F1E3C4,BATCH-2025-0B0618,7833,WHS-IN-00019,PHARM-IN-00053,2025-05-23T18:42:34Z,delivered
SHIP-1F9918,BATCH-2025-0B0618,7833,WHS-IN-00019,PHARM-IN-00023,2025-05-19T18:42:34Z,delivered
SHIP-F83E6E,BATCH-2025-0B0618,7834,WHS-IN-00019,PHARM-IN-00013,2025-05-20T18:42:34Z,delivered
SHIP-D17C32,BATCH-2026-9F68F7,91000,MFG-IN-00011,DIST-IN-00015,2026-05-18T02:08:32Z,delivered
SHIP-D788BA,BATCH-2026-9F68F7,91000,DIST-IN-00015,WHS-IN-00013,2026-05-21T10:08:32Z,delivered
SHIP-A74B01,BATCH-2026-9F68F7,45500,WHS-IN-00013,PHARM-IN-00009,2026-05-25T20:08:32Z,delivered
SHIP-36723A,BATCH-2026-9F68F7,45500,WHS-IN-00013,PHARM-IN-00026,2026-05-23T20:08:32Z,delivered
SHIP-2E1DF0,BATCH-2026-9F68F7,91000,MFG-IN-00011,DIST-IN-00017,2026-05-18T04:08:32Z,delivered
SHIP-D67447,BATCH-2026-9F68F7,91000,DIST-IN-00017,WHS-IN-00030,2026-05-26T10:08:32Z,delivered
SHIP-08B120,BATCH-2026-9F68F7,91000,WHS-IN-00030,PHARM-IN-00012,2026-06-01T22:08:32Z,delivered
SHIP-6DB8A3,BATCH-2026-15605B,342000,MFG-IN-00003,DIST-IN-00011,2026-06-26T19:46:54Z,delivered
SHIP-A07379,BATCH-2026-15605B,342000,DIST-IN-00011,WHS-IN-00016,2026-07-05T04:46:54Z,delivered
SHIP-BB3C8B,BATCH-2026-15605B,171000,WHS-IN-00016,PHARM-IN-00032,2026-07-12T09:46:54Z,delivered
SHIP-ADE969,BATCH-2026-15605B,171000,WHS-IN-00016,PHARM-IN-00017,2026-07-10T09:46:54Z,delivered
SHIP-CEAE76,BATCH-2025-A7B41D,5000,DIST-IN-00002,WHS-IN-00009,2025-06-13T12:20:21Z,delivered
SHIP-25C36C,BATCH-2025-A7B41D,4200,DIST-IN-00003,WHS-IN-00009,2025-06-13T15:20:21Z,delivered
SHIP-7DD6B5,BATCH-2026-F14542,300,DIST-IN-00001,WHS-IN-00035,2026-07-07T18:04:06Z,delivered
SHIP-C53F23,BATCH-2026-F14542,300,DIST-IN-00001,WHS-IN-00019,2026-07-07T19:04:06Z,delivered
SHIP-1C39A7,BATCH-2026-F14542,300,DIST-IN-00001,WHS-IN-00015,2026-07-07T20:04:06Z,delivered
SHIP-B1991A,BATCH-2026-F14542,300,DIST-IN-00001,WHS-IN-00033,2026-07-07T21:04:06Z,delivered
SHIP-2E8132,BATCH-2026-F14542,300,DIST-IN-00001,WHS-IN-00013,2026-07-07T22:04:06Z,delivered
SHIP-C72B58,BATCH-2026-F14542,300,DIST-IN-00001,WHS-IN-00017,2026-07-07T23:04:06Z,delivered
SHIP-569A4E,BATCH-2026-F14542,300,DIST-IN-00001,WHS-IN-00016,2026-07-08T00:04:06Z,delivered
SHIP-8BEB90,BATCH-2026-F14542,300,DIST-IN-00001,WHS-IN-00011,2026-07-08T01:04:06Z,delivered
SHIP-8FEFB1,BATCH-2026-F14542,300,DIST-IN-00001,WHS-IN-00027,2026-07-08T02:04:06Z,delivered
SHIP-AC5AC8,BATCH-2026-F14542,300,DIST-IN-00001,WHS-IN-00001,2026-07-08T03:04:06Z,delivered
SHIP-CB6792,BATCH-2026-F14542,300,DIST-IN-00001,WHS-IN-00034,2026-07-08T04:04:06Z,delivered
SHIP-8DEFB5,BATCH-2026-F14542,300,DIST-IN-00001,WHS-IN-00005,2026-07-08T05:04:06Z,delivered
SHIP-7F1E55,BATCH-2026-F14542,300,DIST-IN-00001,WHS-IN-00014,2026-07-08T06:04:06Z,delivered
SHIP-CF8737,BATCH-2026-F14542,300,DIST-IN-00001,WHS-IN-00007,2026-07-08T07:04:06Z,delivered
SHIP-9D8CEE,BATCH-2026-F14542,300,DIST-IN-00001,WHS-IN-00006,2026-07-08T08:04:06Z,delivered
SHIP-3F5992,BATCH-2026-F14542,300,DIST-IN-00001,WHS-IN-00021,2026-07-08T09:04:06Z,delivered
SHIP-5C0181,BATCH-2026-F14542,300,DIST-IN-00001,WHS-IN-00022,2026-07-08T10:04:06Z,delivered
SHIP-861DFA,BATCH-2026-F14542,300,DIST-IN-00001,WHS-IN-00030,2026-07-08T11:04:06Z,delivered
SHIP-F492A3,BATCH-2025-0B0618,800,WHS-IN-00028,PHARM-IN-00004,2025-06-02T03:42:34Z,delivered
SHIP-D36F2C,BATCH-2025-0B0618,650,WHS-IN-00033,PHARM-IN-00004,2025-06-03T03:42:34Z,delivered
